CREATE DATABASE  IF NOT EXISTS `hbyuan` /*!40100 DEFAULT CHARACTER SET utf8 */;
USE `hbyuan`;
-- MySQL dump 10.13  Distrib 5.7.17, for macos10.12 (x86_64)
--
-- Host: www.dingtou.me    Database: hbyuan
-- ------------------------------------------------------
-- Server version	5.5.52-MariaDB

/*!40101 SET @OLD_CHARACTER_SET_CLIENT=@@CHARACTER_SET_CLIENT */;
/*!40101 SET @OLD_CHARACTER_SET_RESULTS=@@CHARACTER_SET_RESULTS */;
/*!40101 SET @OLD_COLLATION_CONNECTION=@@COLLATION_CONNECTION */;
/*!40101 SET NAMES utf8 */;
/*!40103 SET @OLD_TIME_ZONE=@@TIME_ZONE */;
/*!40103 SET TIME_ZONE='+00:00' */;
/*!40014 SET @OLD_UNIQUE_CHECKS=@@UNIQUE_CHECKS, UNIQUE_CHECKS=0 */;
/*!40014 SET @OLD_FOREIGN_KEY_CHECKS=@@FOREIGN_KEY_CHECKS, FOREIGN_KEY_CHECKS=0 */;
/*!40101 SET @OLD_SQL_MODE=@@SQL_MODE, SQL_MODE='NO_AUTO_VALUE_ON_ZERO' */;
/*!40111 SET @OLD_SQL_NOTES=@@SQL_NOTES, SQL_NOTES=0 */;

--
-- Table structure for table `fund_daily_price`
--

DROP TABLE IF EXISTS `fund_daily_price`;
/*!40101 SET @saved_cs_client     = @@character_set_client */;
/*!40101 SET character_set_client = utf8 */;
CREATE TABLE `fund_daily_price` (
  `id` int(11) NOT NULL AUTO_INCREMENT,
  `fund_code` varchar(45) NOT NULL,
  `price_date` date DEFAULT NULL COMMENT '价格日期',
  `unit_price` varchar(45) DEFAULT NULL COMMENT '单位价格',
  `total_price` varchar(45) DEFAULT NULL COMMENT '累计价格',
  `increase` varchar(45) DEFAULT NULL,
  `buy_status` varchar(45) DEFAULT NULL,
  `sell_status` varchar(45) DEFAULT NULL,
  `memo` varchar(256) DEFAULT NULL,
  PRIMARY KEY (`id`),
  KEY `fk_fund_price_history_fund_info1` (`fund_code`),
  CONSTRAINT `fk_fund_price_history_fund_info1` FOREIGN KEY (`fund_code`) REFERENCES `fund_info` (`fund_code`) ON DELETE NO ACTION ON UPDATE NO ACTION
) ENGINE=InnoDB AUTO_INCREMENT=5683 DEFAULT CHARSET=utf8;
/*!40101 SET character_set_client = @saved_cs_client */;

--
-- Dumping data for table `fund_daily_price`
--

LOCK TABLES `fund_daily_price` WRITE;
/*!40000 ALTER TABLE `fund_daily_price` DISABLE KEYS */;
INSERT INTO `fund_daily_price` VALUES (1,'000961','2017-06-16','1.0252','1.0252','-0.15',NULL,NULL,''),(2,'000961','2017-06-15','1.0267','1.0267','-0.15',NULL,NULL,''),(3,'000961','2017-06-14','1.0282','1.0282','-1.08',NULL,NULL,''),(4,'000961','2017-06-13','1.0394','1.0394','0.23',NULL,NULL,''),(5,'000961','2017-06-12','1.037','1.037','-0.07',NULL,NULL,''),(6,'000961','2017-06-09','1.0377','1.0377','0.47',NULL,NULL,''),(7,'000961','2017-06-08','1.0328','1.0328','0.75',NULL,NULL,''),(8,'000961','2017-06-07','1.0251','1.0251','1.18',NULL,NULL,''),(9,'000961','2017-06-06','1.0131','1.0131','0.65',NULL,NULL,''),(10,'000961','2017-06-05','1.0066','1.0066','-0.42',NULL,NULL,''),(11,'000962','2017-06-16','0.979','0.979','-0.09',NULL,NULL,''),(12,'000962','2017-06-15','0.9799','0.9799','0.88',NULL,NULL,''),(13,'000962','2017-06-14','0.9714','0.9714','-0.22',NULL,NULL,''),(14,'000962','2017-06-13','0.9735','0.9735','1.24',NULL,NULL,''),(15,'000962','2017-06-12','0.9616','0.9616','-1.08',NULL,NULL,''),(16,'000962','2017-06-09','0.9721','0.9721','0.19',NULL,NULL,''),(17,'000962','2017-06-08','0.9703','0.9703','0.10',NULL,NULL,''),(18,'000962','2017-06-07','0.9693','0.9693','1.86',NULL,NULL,''),(19,'000962','2017-06-06','0.9516','0.9516','0.42',NULL,NULL,''),(20,'000962','2017-06-05','0.9476','0.9476','0.71',NULL,NULL,''),(21,'050002','2017-06-16','1.2556','3.2476','-0.11',NULL,NULL,''),(22,'050002','2017-06-15','1.257','3.249','-0.35',NULL,NULL,''),(23,'050002','2017-06-14','1.2614','3.2534','-1.13',NULL,NULL,''),(24,'050002','2017-06-13','1.2758','3.2678','0.25',NULL,NULL,''),(25,'050002','2017-06-12','1.2726','3.2646','0.14',NULL,NULL,''),(26,'050002','2017-06-09','1.2708','3.2628','0.62',NULL,NULL,''),(27,'050002','2017-06-08','1.263','3.255','0.88',NULL,NULL,''),(28,'050002','2017-06-07','1.252','3.244','1.29',NULL,NULL,''),(29,'050002','2017-06-06','1.2361','3.2281','0.64',NULL,NULL,''),(30,'050002','2017-06-05','1.2283','3.2203','-0.60',NULL,NULL,''),(31,'110031','2017-06-16','1.0802','1.0802','0.47',NULL,NULL,''),(32,'110031','2017-06-15','1.0752','1.0752','-1.54',NULL,NULL,''),(33,'110031','2017-06-14','1.092','1.092','-0.08',NULL,NULL,''),(34,'110031','2017-06-13','1.0929','1.0929','0.41',NULL,NULL,''),(35,'110031','2017-06-12','1.0884','1.0884','-0.96',NULL,NULL,''),(36,'110031','2017-06-09','1.099','1.099','-0.47',NULL,NULL,''),(37,'110031','2017-06-08','1.1042','1.1042','0.49',NULL,NULL,''),(38,'110031','2017-06-07','1.0988','1.0988','-0.09',NULL,NULL,''),(39,'110031','2017-06-06','1.0998','1.0998','0.14',NULL,NULL,''),(40,'110031','2017-06-05','1.0983','1.0983','-0.76',NULL,NULL,''),(41,'160119','2017-06-16','1.4801','1.5801','-0.09',NULL,NULL,''),(42,'160119','2017-06-15','1.4815','1.5815','0.89',NULL,NULL,''),(43,'160119','2017-06-14','1.4685','1.5685','-0.20',NULL,NULL,''),(44,'160119','2017-06-13','1.4715','1.5715','1.25',NULL,NULL,''),(45,'160119','2017-06-12','1.4534','1.5534','-1.04',NULL,NULL,''),(46,'160119','2017-06-09','1.4687','1.5687','0.22',NULL,NULL,''),(47,'160119','2017-06-08','1.4655','1.5655','0.11',NULL,NULL,''),(48,'160119','2017-06-07','1.4639','1.5639','1.86',NULL,NULL,''),(49,'160119','2017-06-06','1.4371','1.5371','0.41',NULL,NULL,''),(50,'160119','2017-06-05','1.4312','1.5312','0.72',NULL,NULL,''),(51,'110031','2017-06-02','1.1067','1.1067','0.37',NULL,NULL,''),(52,'110031','2017-06-01','1.1026','1.1026','-0.59',NULL,NULL,''),(53,'110031','2017-05-31','1.1091','1.1091','0.14',NULL,NULL,''),(54,'110031','2017-05-26','1.1075','1.1075','0.08',NULL,NULL,''),(55,'110031','2017-05-25','1.1066','1.1066','1.51',NULL,NULL,''),(56,'110031','2017-05-24','1.0901','1.0901','0.06',NULL,NULL,''),(57,'110031','2017-05-23','1.0894','1.0894','0.15',NULL,NULL,''),(58,'110031','2017-05-22','1.0878','1.0878','0.80',NULL,NULL,''),(59,'110031','2017-05-19','1.0792','1.0792','0.22',NULL,NULL,''),(60,'110031','2017-05-18','1.0768','1.0768','-0.99',NULL,NULL,''),(61,'110031','2017-05-17','1.0876','1.0876','-0.63',NULL,NULL,''),(62,'110031','2017-05-16','1.0945','1.0945','-0.16',NULL,NULL,''),(63,'110031','2017-05-15','1.0963','1.0963','1.32',NULL,NULL,''),(64,'110031','2017-05-12','1.082','1.082','0.06',NULL,NULL,''),(65,'110031','2017-05-11','1.0814','1.0814','0.22',NULL,NULL,''),(66,'110031','2017-05-10','1.079','1.079','0.95',NULL,NULL,''),(67,'110031','2017-05-09','1.0688','1.0688','1.46',NULL,NULL,''),(68,'110031','2017-05-08','1.0534','1.0534','0.60',NULL,NULL,''),(69,'110031','2017-05-05','1.0471','1.0471','-1.62',NULL,NULL,''),(70,'110031','2017-05-04','1.0643','1.0643','',NULL,NULL,''),(71,'110031','2017-05-02','1.073','1.073','-0.35',NULL,NULL,''),(72,'110031','2017-04-28','1.0768','1.0768','-0.33',NULL,NULL,''),(73,'110031','2017-04-27','1.0804','1.0804','-0.42',NULL,NULL,''),(74,'110031','2017-04-26','1.085','1.085','0.41',NULL,NULL,''),(75,'110031','2017-04-25','1.0806','1.0806','1.67',NULL,NULL,''),(76,'110031','2017-04-24','1.0629','1.0629','0.29',NULL,NULL,''),(77,'110031','2017-04-21','1.0598','1.0598','-0.02',NULL,NULL,''),(78,'110031','2017-04-20','1.06','1.06','0.84',NULL,NULL,''),(79,'110031','2017-04-19','1.0512','1.0512','-0.81',NULL,NULL,''),(80,'110031','2017-04-18','1.0598','1.0598','',NULL,NULL,''),(81,'110031','2017-04-13','1.0728','1.0728','-0.45',NULL,NULL,''),(82,'110031','2017-04-12','1.0777','1.0777','0.36',NULL,NULL,''),(83,'110031','2017-04-11','1.0738','1.0738','-0.92',NULL,NULL,''),(84,'110031','2017-04-10','1.0838','1.0838','-0.06',NULL,NULL,''),(85,'110031','2017-04-07','1.0844','1.0844','0.00',NULL,NULL,''),(86,'110031','2017-04-06','1.0844','1.0844','-0.74',NULL,NULL,''),(87,'110031','2017-04-05','1.0925','1.0925','0.69',NULL,NULL,''),(88,'110031','2017-03-31','1.085','1.085','-0.60',NULL,NULL,''),(89,'110031','2017-03-30','1.0916','1.0916','-0.84',NULL,NULL,''),(90,'110031','2017-03-29','1.1008','1.1008','0.27',NULL,NULL,''),(91,'110031','2017-03-28','1.0978','1.0978','0.65',NULL,NULL,''),(92,'110031','2017-03-27','1.0907','1.0907','-1.21',NULL,NULL,''),(93,'110031','2017-03-24','1.1041','1.1041','-0.11',NULL,NULL,''),(94,'110031','2017-03-23','1.1053','1.1053','0.20',NULL,NULL,''),(95,'110031','2017-03-22','1.1031','1.1031','-1.86',NULL,NULL,''),(96,'110031','2017-03-21','1.124','1.124','0.59',NULL,NULL,''),(97,'110031','2017-03-20','1.1174','1.1174','0.76',NULL,NULL,''),(98,'110031','2017-03-17','1.109','1.109','-0.04',NULL,NULL,''),(99,'110031','2017-03-16','1.1094','1.1094','1.93',NULL,NULL,''),(100,'110031','2017-03-15','1.0884','1.0884','-0.42',NULL,NULL,''),(101,'110031','2017-03-14','1.093','1.093','0.66',NULL,NULL,''),(102,'110031','2017-03-13','1.0858','1.0858','1.54',NULL,NULL,''),(103,'110031','2017-03-10','1.0693','1.0693','-0.22',NULL,NULL,''),(104,'110031','2017-03-09','1.0717','1.0717','-1.56',NULL,NULL,''),(105,'110031','2017-03-08','1.0887','1.0887','0.55',NULL,NULL,''),(106,'110031','2017-03-07','1.0827','1.0827','0.75',NULL,NULL,''),(107,'110031','2017-03-06','1.0746','1.0746','0.05',NULL,NULL,''),(108,'110031','2017-03-03','1.0741','1.0741','-0.80',NULL,NULL,''),(109,'110031','2017-03-02','1.0828','1.0828','-0.35',NULL,NULL,''),(110,'110031','2017-03-01','1.0866','1.0866','-0.05',NULL,NULL,''),(111,'110031','2017-02-28','1.0871','1.0871','-0.39',NULL,NULL,''),(112,'110031','2017-02-27','1.0914','1.0914','-0.59',NULL,NULL,''),(113,'110031','2017-02-24','1.0979','1.0979','-0.95',NULL,NULL,''),(114,'110031','2017-02-23','1.1084','1.1084','-0.29',NULL,NULL,''),(115,'110031','2017-02-22','1.1116','1.1116','1.16',NULL,NULL,''),(116,'110031','2017-02-21','1.0988','1.0988','-0.24',NULL,NULL,''),(117,'110031','2017-02-20','1.1014','1.1014','1.14',NULL,NULL,''),(118,'110031','2017-02-17','1.089','1.089','-1.11',NULL,NULL,''),(119,'110031','2017-02-16','1.1012','1.1012','0.09',NULL,NULL,''),(120,'110031','2017-02-15','1.1002','1.1002','1.43',NULL,NULL,''),(121,'110031','2017-02-14','1.0847','1.0847','-0.16',NULL,NULL,''),(122,'110031','2017-02-13','1.0864','1.0864','1.25',NULL,NULL,''),(123,'110031','2017-02-10','1.073','1.073','0.63',NULL,NULL,''),(124,'110031','2017-02-09','1.0663','1.0663','0.91',NULL,NULL,''),(125,'110031','2017-02-08','1.0567','1.0567','1.36',NULL,NULL,''),(126,'110031','2017-02-07','1.0425','1.0425','0.05',NULL,NULL,''),(127,'110031','2017-02-06','1.042','1.042','1.60',NULL,NULL,''),(128,'110031','2017-02-03','1.0256','1.0256','-1.71',NULL,NULL,''),(129,'110031','2017-01-26','1.0434','1.0434','1.06',NULL,NULL,''),(130,'110031','2017-01-25','1.0325','1.0325','0.19',NULL,NULL,''),(131,'110031','2017-01-24','1.0305','1.0305','-0.01',NULL,NULL,''),(132,'110031','2017-01-23','1.0306','1.0306','-0.08',NULL,NULL,''),(133,'110031','2017-01-20','1.0314','1.0314','-0.56',NULL,NULL,''),(134,'110031','2017-01-19','1.0372','1.0372','-0.05',NULL,NULL,''),(135,'110031','2017-01-18','1.0377','1.0377','0.28',NULL,NULL,''),(136,'110031','2017-01-17','1.0348','1.0348','0.50',NULL,NULL,''),(137,'110031','2017-01-16','1.0297','1.0297','-1.19',NULL,NULL,''),(138,'110031','2017-01-13','1.0421','1.0421','0.29',NULL,NULL,''),(139,'110031','2017-01-12','1.0391','1.0391','-0.18',NULL,NULL,''),(140,'110031','2017-01-11','1.041','1.041','0.66',NULL,NULL,''),(141,'110031','2017-01-10','1.0342','1.0342','0.60',NULL,NULL,''),(142,'110031','2017-01-09','1.028','1.028','0.73',NULL,NULL,''),(143,'110031','2017-01-06','1.0206','1.0206','-0.83',NULL,NULL,''),(144,'110031','2017-01-05','1.0291','1.0291','1.19',NULL,NULL,''),(145,'110031','2017-01-04','1.017','1.017','-0.13',NULL,NULL,''),(146,'110031','2017-01-03','1.0183','1.0183','0.77',NULL,NULL,''),(147,'110031','2016-12-31','1.0104','1.0104','-0.01',NULL,NULL,''),(148,'110031','2016-12-30','1.0105','1.0105','0.68',NULL,NULL,''),(149,'110031','2016-12-29','1.0037','1.0037','0.14',NULL,NULL,''),(150,'110031','2016-12-28','1.0023','1.0023','',NULL,NULL,''),(151,'110031','2016-12-23','0.9902','0.9902','-0.16',NULL,NULL,''),(152,'110031','2016-12-22','0.9918','0.9918','-1.29',NULL,NULL,''),(153,'110031','2016-12-21','1.0048','1.0048','0.46',NULL,NULL,''),(154,'110031','2016-12-20','1.0002','1.0002','-0.66',NULL,NULL,''),(155,'110031','2016-12-19','1.0068','1.0068','-1.34',NULL,NULL,''),(156,'110031','2016-12-16','1.0205','1.0205','0.19',NULL,NULL,''),(157,'110031','2016-12-15','1.0186','1.0186','-1.79',NULL,NULL,''),(158,'110031','2016-12-14','1.0372','1.0372','0.01',NULL,NULL,''),(159,'110031','2016-12-13','1.0371','1.0371','0.00',NULL,NULL,''),(160,'110031','2016-12-12','1.0371','1.0371','-1.44',NULL,NULL,''),(161,'110031','2016-12-09','1.0522','1.0522','0.06',NULL,NULL,''),(162,'110031','2016-12-08','1.0516','1.0516','0.49',NULL,NULL,''),(163,'110031','2016-12-07','1.0465','1.0465','0.89',NULL,NULL,''),(164,'110031','2016-12-06','1.0373','1.0373','0.14',NULL,NULL,''),(165,'110031','2016-12-05','1.0359','1.0359','-0.55',NULL,NULL,''),(166,'110031','2016-12-02','1.0416','1.0416','-1.20',NULL,NULL,''),(167,'110031','2016-12-01','1.0543','1.0543','0.62',NULL,NULL,''),(168,'110031','2016-11-30','1.0478','1.0478','-0.10',NULL,NULL,''),(169,'110031','2016-11-29','1.0488','1.0488','-0.48',NULL,NULL,''),(170,'110031','2016-11-28','1.0539','1.0539','0.58',NULL,NULL,''),(171,'110031','2016-11-25','1.0478','1.0478','1.14',NULL,NULL,''),(172,'110031','2016-11-24','1.036','1.036','0.28',NULL,NULL,''),(173,'110031','2016-11-23','1.0331','1.0331','0.28',NULL,NULL,''),(174,'110031','2016-11-22','1.0302','1.0302','1.66',NULL,NULL,''),(175,'110031','2016-11-21','1.0134','1.0134','1.19',NULL,NULL,''),(176,'110031','2016-11-18','1.0015','1.0015','0.36',NULL,NULL,''),(177,'110031','2016-11-17','0.9979','0.9979','-0.30',NULL,NULL,''),(178,'110031','2016-11-16','1.0009','1.0009','-0.25',NULL,NULL,''),(179,'110031','2016-11-15','1.0034','1.0034','0.79',NULL,NULL,''),(180,'110031','2016-11-14','0.9955','0.9955','-0.68',NULL,NULL,''),(181,'110031','2016-11-11','1.0023','1.0023','-0.80',NULL,NULL,''),(182,'110031','2016-11-10','1.0104','1.0104','1.64',NULL,NULL,''),(183,'110031','2016-11-09','0.9941','0.9941','-2.59',NULL,NULL,''),(184,'110031','2016-11-08','1.0205','1.0205','0.61',NULL,NULL,''),(185,'110031','2016-11-07','1.0143','1.0143','1.37',NULL,NULL,''),(186,'110031','2016-11-04','1.0006','1.0006','0.13',NULL,NULL,''),(187,'110031','2016-11-03','0.9993','0.9993','-0.44',NULL,NULL,''),(188,'110031','2016-11-02','1.0037','1.0037','-1.96',NULL,NULL,''),(189,'110031','2016-11-01','1.0238','1.0238','1.47',NULL,NULL,''),(190,'110031','2016-10-31','1.009','1.009','0.11',NULL,NULL,''),(191,'110031','2016-10-28','1.0079','1.0079','-0.70',NULL,NULL,''),(192,'110031','2016-10-27','1.015','1.015','-0.81',NULL,NULL,''),(193,'110031','2016-10-26','1.0233','1.0233','-1.34',NULL,NULL,''),(194,'110031','2016-10-25','1.0372','1.0372','-0.06',NULL,NULL,''),(195,'110031','2016-10-24','1.0378','1.0378','',NULL,NULL,''),(196,'110031','2016-10-20','1.0165','1.0165','0.42',NULL,NULL,''),(197,'110031','2016-10-19','1.0122','1.0122','-0.73',NULL,NULL,''),(198,'110031','2016-10-18','1.0196','1.0196','1.60',NULL,NULL,''),(199,'110031','2016-10-17','1.0035','1.0035','-0.29',NULL,NULL,''),(200,'110031','2016-10-14','1.0064','1.0064','0.81',NULL,NULL,''),(201,'110031','2016-10-13','0.9983','0.9983','-1.62',NULL,NULL,''),(202,'110031','2016-10-12','1.0147','1.0147','-1.02',NULL,NULL,''),(203,'110031','2016-10-11','1.0252','1.0252','',NULL,NULL,''),(204,'110031','2016-09-30','0.9996','0.9996','-1.92',NULL,NULL,''),(205,'110031','2016-09-29','1.0192','1.0192','0.74',NULL,NULL,''),(206,'110031','2016-09-28','1.0117','1.0117','-0.20',NULL,NULL,''),(207,'110031','2016-09-27','1.0137','1.0137','1.00',NULL,NULL,''),(208,'110031','2016-09-26','1.0037','1.0037','-1.48',NULL,NULL,''),(209,'110031','2016-09-23','1.0188','1.0188','-0.70',NULL,NULL,''),(210,'110031','2016-09-22','1.026','1.026','0.12',NULL,NULL,''),(211,'110031','2016-09-21','1.0248','1.0248','1.12',NULL,NULL,''),(212,'110031','2016-09-20','1.0134','1.0134','-0.23',NULL,NULL,''),(213,'110031','2016-09-19','1.0157','1.0157','1.80',NULL,NULL,''),(214,'110031','2016-09-14','0.9977','0.9977','-0.05',NULL,NULL,''),(215,'110031','2016-09-13','0.9982','0.9982','-1.03',NULL,NULL,''),(216,'110031','2016-09-12','1.0086','1.0086','-3.39',NULL,NULL,''),(217,'110031','2016-09-09','1.044','1.044','0.60',NULL,NULL,''),(218,'110031','2016-09-08','1.0378','1.0378','0.44',NULL,NULL,''),(219,'110031','2016-09-07','1.0333','1.0333','0.13',NULL,NULL,''),(220,'110031','2016-09-06','1.032','1.032','0.73',NULL,NULL,''),(221,'110031','2016-09-05','1.0245','1.0245','1.65',NULL,NULL,''),(222,'110031','2016-09-02','1.0079','1.0079','0.65',NULL,NULL,''),(223,'110031','2016-09-01','1.0014','1.0014','0.45',NULL,NULL,''),(224,'110031','2016-08-31','0.9969','0.9969','-0.42',NULL,NULL,''),(225,'110031','2016-08-30','1.0011','1.0011','0.92',NULL,NULL,''),(226,'110031','2016-08-29','0.992','0.992','-0.02',NULL,NULL,''),(227,'110031','2016-08-26','0.9922','0.9922','0.24',NULL,NULL,''),(228,'110031','2016-08-25','0.9898','0.9898','0.23',NULL,NULL,''),(229,'110031','2016-08-24','0.9875','0.9875','-1.01',NULL,NULL,''),(230,'110031','2016-08-23','0.9976','0.9976','-0.29',NULL,NULL,''),(231,'110031','2016-08-22','1.0005','1.0005','0.61',NULL,NULL,''),(232,'110031','2016-08-19','0.9944','0.9944','-0.52',NULL,NULL,''),(233,'110031','2016-08-18','0.9996','0.9996','0.43',NULL,NULL,''),(234,'110031','2016-08-17','0.9953','0.9953','-1.00',NULL,NULL,''),(235,'110031','2016-08-16','1.0054','1.0054','-0.20',NULL,NULL,''),(236,'110031','2016-08-15','1.0074','1.0074','1.33',NULL,NULL,''),(237,'110031','2016-08-12','0.9942','0.9942','1.73',NULL,NULL,''),(238,'110031','2016-08-11','0.9773','0.9773','0.65',NULL,NULL,''),(239,'110031','2016-08-10','0.971','0.971','0.03',NULL,NULL,''),(240,'110031','2016-08-09','0.9707','0.9707','0.19',NULL,NULL,''),(241,'110031','2016-08-08','0.9689','0.9689','1.72',NULL,NULL,''),(242,'110031','2016-08-05','0.9525','0.9525','1.27',NULL,NULL,''),(243,'110031','2016-08-04','0.9406','0.9406','0.63',NULL,NULL,''),(244,'110031','2016-08-03','0.9347','0.9347','',NULL,NULL,''),(245,'110031','2016-08-01','0.9505','0.9505','1.34',NULL,NULL,''),(246,'110031','2016-07-29','0.9379','0.9379','-1.36',NULL,NULL,''),(247,'110031','2016-07-28','0.9508','0.9508','-0.43',NULL,NULL,''),(248,'110031','2016-07-27','0.9549','0.9549','0.38',NULL,NULL,''),(249,'110031','2016-07-26','0.9513','0.9513','0.16',NULL,NULL,''),(250,'110031','2016-07-25','0.9498','0.9498','0.27',NULL,NULL,''),(251,'110031','2016-07-22','0.9472','0.9472','-0.55',NULL,NULL,''),(252,'110031','2016-07-21','0.9524','0.9524','0.23',NULL,NULL,''),(253,'110031','2016-07-20','0.9502','0.9502','0.31',NULL,NULL,''),(254,'110031','2016-07-19','0.9473','0.9473','-1.02',NULL,NULL,''),(255,'110031','2016-07-18','0.9571','0.9571','0.62',NULL,NULL,''),(256,'110031','2016-07-15','0.9512','0.9512','0.36',NULL,NULL,''),(257,'110031','2016-07-14','0.9478','0.9478','0.99',NULL,NULL,''),(258,'110031','2016-07-13','0.9385','0.9385','0.45',NULL,NULL,''),(259,'110031','2016-07-12','0.9343','0.9343','1.73',NULL,NULL,''),(260,'110031','2016-07-11','0.9184','0.9184','1.76',NULL,NULL,''),(261,'110031','2016-07-08','0.9025','0.9025','-0.65',NULL,NULL,''),(262,'110031','2016-07-07','0.9084','0.9084','1.03',NULL,NULL,''),(263,'110031','2016-07-06','0.8991','0.8991','-1.10',NULL,NULL,''),(264,'110031','2016-07-05','0.9091','0.9091','-1.25',NULL,NULL,''),(265,'110031','2016-07-04','0.9206','0.9206','',NULL,NULL,''),(266,'110031','2016-06-30','0.9105','0.9105','1.53',NULL,NULL,''),(267,'110031','2016-06-29','0.8968','0.8968','1.00',NULL,NULL,''),(268,'110031','2016-06-28','0.8879','0.8879','-0.03',NULL,NULL,''),(269,'110031','2016-06-27','0.8882','0.8882','1.17',NULL,NULL,''),(270,'110031','2016-06-24','0.8779','0.8779','-2.46',NULL,NULL,''),(271,'110031','2016-06-23','0.9','0.9','-0.28',NULL,NULL,''),(272,'110031','2016-06-22','0.9025','0.9025','1.25',NULL,NULL,''),(273,'110031','2016-06-21','0.8914','0.8914','0.58',NULL,NULL,''),(274,'110031','2016-06-20','0.8863','0.8863','1.41',NULL,NULL,''),(275,'110031','2016-06-17','0.874','0.874','0.68',NULL,NULL,''),(276,'110031','2016-06-16','0.8681','0.8681','-1.61',NULL,NULL,''),(277,'110031','2016-06-15','0.8823','0.8823','0.63',NULL,NULL,''),(278,'110031','2016-06-14','0.8768','0.8768','-0.36',NULL,NULL,''),(279,'110031','2016-06-13','0.88','0.88','-3.61',NULL,NULL,''),(280,'110031','2016-06-08','0.913','0.913','0.23',NULL,NULL,''),(281,'110031','2016-06-07','0.9109','0.9109','1.35',NULL,NULL,''),(282,'110031','2016-06-06','0.8988','0.8988','0.18',NULL,NULL,''),(283,'110031','2016-06-03','0.8972','0.8972','0.68',NULL,NULL,''),(284,'110031','2016-06-02','0.8911','0.8911','0.19',NULL,NULL,''),(285,'110031','2016-06-01','0.8894','0.8894','0.17',NULL,NULL,''),(286,'110031','2016-05-31','0.8879','0.8879','0.86',NULL,NULL,''),(287,'110031','2016-05-30','0.8803','0.8803','0.86',NULL,NULL,''),(288,'110031','2016-05-27','0.8728','0.8728','0.62',NULL,NULL,''),(289,'110031','2016-05-26','0.8674','0.8674','-0.29',NULL,NULL,''),(290,'110031','2016-05-25','0.8699','0.8699','2.89',NULL,NULL,''),(291,'110031','2016-05-24','0.8455','0.8455','0.01',NULL,NULL,''),(292,'110031','2016-05-23','0.8454','0.8454','-0.01',NULL,NULL,''),(293,'110031','2016-05-20','0.8455','0.8455','0.67',NULL,NULL,''),(294,'110031','2016-05-19','0.8399','0.8399','-0.24',NULL,NULL,''),(295,'110031','2016-05-18','0.8419','0.8419','-1.36',NULL,NULL,''),(296,'110031','2016-05-17','0.8535','0.8535','1.07',NULL,NULL,''),(297,'110031','2016-05-16','0.8445','0.8445','0.21',NULL,NULL,''),(298,'110031','2016-05-13','0.8427','0.8427','-0.84',NULL,NULL,''),(299,'110031','2016-05-12','0.8498','0.8498','-0.67',NULL,NULL,''),(300,'110031','2016-05-11','0.8555','0.8555','-0.49',NULL,NULL,''),(301,'110031','2016-05-10','0.8597','0.8597','0.57',NULL,NULL,''),(302,'110031','2016-05-09','0.8548','0.8548','-0.31',NULL,NULL,''),(303,'110031','2016-05-06','0.8575','0.8575','-1.58',NULL,NULL,''),(304,'110031','2016-05-05','0.8713','0.8713','-0.48',NULL,NULL,''),(305,'110031','2016-05-04','0.8755','0.8755','-0.02',NULL,NULL,''),(306,'110031','2016-05-03','0.8757','0.8757','-2.03',NULL,NULL,''),(307,'110031','2016-04-29','0.8938','0.8938','-1.79',NULL,NULL,''),(308,'110031','2016-04-28','0.9101','0.9101','0.41',NULL,NULL,''),(309,'110031','2016-04-27','0.9064','0.9064','0.15',NULL,NULL,''),(310,'110031','2016-04-26','0.905','0.905','-0.06',NULL,NULL,''),(311,'110031','2016-04-25','0.9055','0.9055','-1.02',NULL,NULL,''),(312,'110031','2016-04-22','0.9148','0.9148','-1.16',NULL,NULL,''),(313,'110031','2016-04-21','0.9255','0.9255','1.47',NULL,NULL,''),(314,'110031','2016-04-20','0.9121','0.9121','-1.29',NULL,NULL,''),(315,'110031','2016-04-19','0.924','0.924','1.42',NULL,NULL,''),(316,'110031','2016-04-18','0.9111','0.9111','-1.41',NULL,NULL,''),(317,'110031','2016-04-15','0.9241','0.9241','-0.19',NULL,NULL,''),(318,'110031','2016-04-14','0.9259','0.9259','0.88',NULL,NULL,''),(319,'110031','2016-04-13','0.9178','0.9178','3.60',NULL,NULL,''),(320,'110031','2016-04-12','0.8859','0.8859','0.35',NULL,NULL,''),(321,'110031','2016-04-11','0.8828','0.8828','0.97',NULL,NULL,''),(322,'110031','2016-04-08','0.8743','0.8743','0.59',NULL,NULL,''),(323,'110031','2016-04-07','0.8692','0.8692','-0.29',NULL,NULL,''),(324,'110031','2016-04-06','0.8717','0.8717','0.01',NULL,NULL,''),(325,'110031','2016-04-05','0.8716','0.8716','-1.60',NULL,NULL,''),(326,'110031','2016-04-01','0.8858','0.8858','-1.70',NULL,NULL,''),(327,'110031','2016-03-31','0.9011','0.9011','-0.08',NULL,NULL,''),(328,'110031','2016-03-30','0.9018','0.9018','2.35',NULL,NULL,''),(329,'110031','2016-03-29','0.8811','0.8811','',NULL,NULL,''),(330,'110031','2016-03-24','0.8798','0.8798','-1.54',NULL,NULL,''),(331,'110031','2016-03-23','0.8936','0.8936','-0.33',NULL,NULL,''),(332,'110031','2016-03-22','0.8966','0.8966','-0.07',NULL,NULL,''),(333,'110031','2016-03-21','0.8972','0.8972','0.78',NULL,NULL,''),(334,'110031','2016-03-18','0.8903','0.8903','0.67',NULL,NULL,''),(335,'110031','2016-03-17','0.8844','0.8844','1.89',NULL,NULL,''),(336,'110031','2016-03-16','0.868','0.868','-0.24',NULL,NULL,''),(337,'110031','2016-03-15','0.8701','0.8701','-0.61',NULL,NULL,''),(338,'110031','2016-03-14','0.8754','0.8754','1.40',NULL,NULL,''),(339,'110031','2016-03-11','0.8633','0.8633','1.21',NULL,NULL,''),(340,'110031','2016-03-10','0.853','0.853','-0.19',NULL,NULL,''),(341,'110031','2016-03-09','0.8546','0.8546','-0.60',NULL,NULL,''),(342,'110031','2016-03-08','0.8598','0.8598','-1.42',NULL,NULL,''),(343,'110031','2016-03-07','0.8722','0.8722','0.54',NULL,NULL,''),(344,'110031','2016-03-04','0.8675','0.8675','1.70',NULL,NULL,''),(345,'110031','2016-03-03','0.853','0.853','0.08',NULL,NULL,''),(346,'110031','2016-03-02','0.8523','0.8523','3.65',NULL,NULL,''),(347,'110031','2016-03-01','0.8223','0.8223','1.69',NULL,NULL,''),(348,'110031','2016-02-29','0.8086','0.8086','-1.29',NULL,NULL,''),(349,'110031','2016-02-26','0.8192','0.8192','1.94',NULL,NULL,''),(350,'110031','2016-02-25','0.8036','0.8036','-2.14',NULL,NULL,''),(351,'110031','2016-02-24','0.8212','0.8212','-1.20',NULL,NULL,''),(352,'110031','2016-02-23','0.8312','0.8312','-0.41',NULL,NULL,''),(353,'110031','2016-02-22','0.8346','0.8346','1.29',NULL,NULL,''),(354,'110031','2016-02-19','0.824','0.824','-0.50',NULL,NULL,''),(355,'110031','2016-02-18','0.8281','0.8281','2.70',NULL,NULL,''),(356,'110031','2016-02-17','0.8063','0.8063','-1.09',NULL,NULL,''),(357,'110031','2016-02-16','0.8152','0.8152','2.07',NULL,NULL,''),(358,'110031','2016-02-15','0.7987','0.7987','-2.54',NULL,NULL,''),(359,'110031','2016-02-05','0.8195','0.8195','0.86',NULL,NULL,''),(360,'110031','2016-02-04','0.8125','0.8125','1.32',NULL,NULL,''),(361,'110031','2016-02-03','0.8019','0.8019','-2.49',NULL,NULL,''),(362,'110031','2016-02-02','0.8224','0.8224','-0.95',NULL,NULL,''),(363,'110031','2016-02-01','0.8303','0.8303','-0.99',NULL,NULL,''),(364,'110031','2016-01-29','0.8386','0.8386','2.41',NULL,NULL,''),(365,'110031','2016-01-28','0.8189','0.8189','0.80',NULL,NULL,''),(366,'110031','2016-01-27','0.8124','0.8124','0.78',NULL,NULL,''),(367,'110031','2016-01-26','0.8061','0.8061','-3.11',NULL,NULL,''),(368,'110031','2016-01-25','0.832','0.832','0.86',NULL,NULL,''),(369,'110031','2016-01-22','0.8249','0.8249','3.18',NULL,NULL,''),(370,'110031','2016-01-21','0.7995','0.7995','-1.97',NULL,NULL,''),(371,'110031','2016-01-20','0.8156','0.8156','-4.24',NULL,NULL,''),(372,'110031','2016-01-19','0.8517','0.8517','2.71',NULL,NULL,''),(373,'110031','2016-01-18','0.8292','0.8292','-1.46',NULL,NULL,''),(374,'110031','2016-01-15','0.8415','0.8415','-2.57',NULL,NULL,''),(375,'110031','2016-01-14','0.8637','0.8637','-0.47',NULL,NULL,''),(376,'110031','2016-01-13','0.8678','0.8678','0.72',NULL,NULL,''),(377,'110031','2016-01-12','0.8616','0.8616','-0.69',NULL,NULL,''),(378,'110031','2016-01-11','0.8676','0.8676','-3.63',NULL,NULL,''),(379,'110031','2016-01-08','0.9003','0.9003','0.93',NULL,NULL,''),(380,'110031','2016-01-07','0.892','0.892','-3.44',NULL,NULL,''),(381,'110031','2016-01-06','0.9238','0.9238','-0.62',NULL,NULL,''),(382,'110031','2016-01-05','0.9296','0.9296','-0.63',NULL,NULL,''),(383,'110031','2016-01-04','0.9355','0.9355','-3.20',NULL,NULL,''),(384,'110031','2015-12-31','0.9664','0.9664','0.07',NULL,NULL,''),(385,'110031','2015-12-30','0.9657','0.9657','-1.20',NULL,NULL,''),(386,'110031','2015-12-29','0.9774','0.9774','0.16',NULL,NULL,''),(387,'110031','2015-12-28','0.9758','0.9758','',NULL,NULL,''),(388,'110031','2015-12-23','0.9848','0.9848','1.47',NULL,NULL,''),(389,'110031','2015-12-22','0.9705','0.9705','-0.16',NULL,NULL,''),(390,'110031','2015-12-21','0.9721','0.9721','1.00',NULL,NULL,''),(391,'110031','2015-12-18','0.9625','0.9625','-0.27',NULL,NULL,''),(392,'110031','2015-12-17','0.9651','0.9651','1.39',NULL,NULL,''),(393,'110031','2015-12-16','0.9519','0.9519','2.00',NULL,NULL,''),(394,'110031','2015-12-15','0.9332','0.9332','0.39',NULL,NULL,''),(395,'110031','2015-12-14','0.9296','0.9296','0.26',NULL,NULL,''),(396,'110031','2015-12-11','0.9272','0.9272','-1.20',NULL,NULL,''),(397,'110031','2015-12-10','0.9385','0.9385','-0.93',NULL,NULL,''),(398,'110031','2015-12-09','0.9473','0.9473','-0.88',NULL,NULL,''),(399,'110031','2015-12-08','0.9557','0.9557','-1.20',NULL,NULL,''),(400,'110031','2015-12-07','0.9673','0.9673','-0.12',NULL,NULL,''),(401,'110031','2015-12-04','0.9685','0.9685','-1.64',NULL,NULL,''),(402,'110031','2015-12-03','0.9846','0.9846','-0.52',NULL,NULL,''),(403,'110031','2015-12-02','0.9897','0.9897','0.90',NULL,NULL,''),(404,'110031','2015-12-01','0.9809','0.9809','1.49',NULL,NULL,''),(405,'110031','2015-11-30','0.9665','0.9665','-0.55',NULL,NULL,''),(406,'110031','2015-11-27','0.9718','0.9718','-2.30',NULL,NULL,''),(407,'110031','2015-11-26','0.9947','0.9947','-0.15',NULL,NULL,''),(408,'110031','2015-11-25','0.9962','0.9962','-0.26',NULL,NULL,''),(409,'110031','2015-11-24','0.9988','0.9988','-0.64',NULL,NULL,''),(410,'110031','2015-11-23','1.0052','1.0052','-0.58',NULL,NULL,''),(411,'110031','2015-11-20','1.0111','1.0111','0.98',NULL,NULL,''),(412,'110031','2015-11-19','1.0013','1.0013','1.07',NULL,NULL,''),(413,'110031','2015-11-18','0.9907','0.9907','-0.11',NULL,NULL,''),(414,'110031','2015-11-17','0.9918','0.9918','0.80',NULL,NULL,''),(415,'110031','2015-11-16','0.9839','0.9839','-1.47',NULL,NULL,''),(416,'110031','2015-11-13','0.9986','0.9986','-1.95',NULL,NULL,''),(417,'110031','2015-11-12','1.0185','1.0185','1.47',NULL,NULL,''),(418,'110031','2015-11-11','1.0037','1.0037','-0.59',NULL,NULL,''),(419,'110031','2015-11-10','1.0097','1.0097','-1.61',NULL,NULL,''),(420,'110031','2015-11-09','1.0262','1.0262','-0.26',NULL,NULL,''),(421,'110031','2015-11-06','1.0289','1.0289','-0.41',NULL,NULL,''),(422,'110031','2015-11-05','1.0331','1.0331','0.55',NULL,NULL,''),(423,'110031','2015-11-04','1.0275','1.0275','2.48',NULL,NULL,''),(424,'110031','2015-11-03','1.0026','1.0026','0.60',NULL,NULL,''),(425,'110031','2015-11-02','0.9966','0.9966','-1.84',NULL,NULL,''),(426,'110031','2015-10-30','1.0153','1.0153','-0.52',NULL,NULL,''),(427,'110031','2015-10-29','1.0206','1.0206','-0.94',NULL,NULL,''),(428,'110031','2015-10-28','1.0303','1.0303','-1.25',NULL,NULL,''),(429,'110031','2015-10-27','1.0433','1.0433','-0.38',NULL,NULL,''),(430,'110031','2015-10-26','1.0473','1.0473','-0.09',NULL,NULL,''),(431,'110031','2015-10-23','1.0482','1.0482','1.32',NULL,NULL,''),(432,'110031','2015-10-22','1.0345','1.0345','',NULL,NULL,''),(433,'110031','2015-10-20','1.0407','1.0407','-0.23',NULL,NULL,''),(434,'110031','2015-10-19','1.0431','1.0431','0.61',NULL,NULL,''),(435,'110031','2015-10-16','1.0368','1.0368','0.75',NULL,NULL,''),(436,'110031','2015-10-15','1.0291','1.0291','1.93',NULL,NULL,''),(437,'110031','2015-10-14','1.0096','1.0096','-0.64',NULL,NULL,''),(438,'110031','2015-10-13','1.0161','1.0161','-1.13',NULL,NULL,''),(439,'110031','2015-10-12','1.0277','1.0277','1.00',NULL,NULL,''),(440,'110031','2015-10-09','1.0175','1.0175','1.03',NULL,NULL,''),(441,'110031','2015-10-08','1.0071','1.0071','8.28',NULL,NULL,''),(442,'110031','2015-09-30','0.9301','0.9301','1.62',NULL,NULL,''),(443,'110031','2015-09-29','0.9153','0.9153','',NULL,NULL,''),(444,'110031','2015-09-25','0.9407','0.9407','0.36',NULL,NULL,''),(445,'110031','2015-09-24','0.9373','0.9373','-0.84',NULL,NULL,''),(446,'110031','2015-09-23','0.9452','0.9452','-2.29',NULL,NULL,''),(447,'110031','2015-09-22','0.9674','0.9674','-0.54',NULL,NULL,''),(448,'110031','2015-09-21','0.9727','0.9727','-1.12',NULL,NULL,''),(449,'110031','2015-09-18','0.9837','0.9837','0.49',NULL,NULL,''),(450,'110031','2015-09-17','0.9789','0.9789','0.41',NULL,NULL,''),(451,'110031','2015-09-16','0.9749','0.9749','1.95',NULL,NULL,''),(452,'110031','2015-09-15','0.9563','0.9563','-0.28',NULL,NULL,''),(453,'110031','2015-09-14','0.959','0.959','0.16',NULL,NULL,''),(454,'110031','2015-09-11','0.9575','0.9575','-0.73',NULL,NULL,''),(455,'110031','2015-09-10','0.9645','0.9645','-1.51',NULL,NULL,''),(456,'110031','2015-09-09','0.9793','0.9793','4.64',NULL,NULL,''),(457,'110031','2015-09-08','0.9359','0.9359','3.75',NULL,NULL,''),(458,'110031','2015-09-07','0.9021','0.9021','-1.91',NULL,NULL,''),(459,'110031','2015-09-02','0.9197','0.9197','-1.62',NULL,NULL,''),(460,'110031','2015-09-01','0.9348','0.9348','-2.83',NULL,NULL,''),(461,'110031','2015-08-31','0.962','0.962','-0.23',NULL,NULL,''),(462,'110031','2015-08-28','0.9642','0.9642','-1.14',NULL,NULL,''),(463,'110031','2015-08-27','0.9753','0.9753','4.14',NULL,NULL,''),(464,'110031','2015-08-26','0.9365','0.9365','-0.71',NULL,NULL,''),(465,'110031','2015-08-25','0.9432','0.9432','-0.65',NULL,NULL,''),(466,'110031','2015-08-24','0.9494','0.9494','-5.11',NULL,NULL,''),(467,'110031','2015-08-21','1.0005','1.0005','-1.82',NULL,NULL,''),(468,'110031','2015-08-20','1.019','1.019','-2.04',NULL,NULL,''),(469,'110031','2015-08-19','1.0402','1.0402','-1.07',NULL,NULL,''),(470,'110031','2015-08-18','1.0515','1.0515','-1.54',NULL,NULL,''),(471,'110031','2015-08-17','1.068','1.068','-0.84',NULL,NULL,''),(472,'110031','2015-08-14','1.077','1.077','-0.19',NULL,NULL,''),(473,'110031','2015-08-13','1.0791','1.0791','1.34',NULL,NULL,''),(474,'110031','2015-08-12','1.0648','1.0648','-0.35',NULL,NULL,''),(475,'110031','2015-08-11','1.0685','1.0685','1.45',NULL,NULL,''),(476,'110031','2015-08-10','1.0532','1.0532','0.45',NULL,NULL,''),(477,'110031','2015-08-07','1.0485','1.0485','1.01',NULL,NULL,''),(478,'110031','2015-08-06','1.038','1.038','-0.20',NULL,NULL,''),(479,'110031','2015-08-05','1.0401','1.0401','0.41',NULL,NULL,''),(480,'110031','2015-08-04','1.0359','1.0359','0.56',NULL,NULL,''),(481,'110031','2015-08-03','1.0301','1.0301','-0.94',NULL,NULL,''),(482,'110031','2015-07-31','1.0399','1.0399','-0.11',NULL,NULL,''),(483,'110031','2015-07-30','1.041','1.041','-1.07',NULL,NULL,''),(484,'110031','2015-07-29','1.0523','1.0523','0.78',NULL,NULL,''),(485,'110031','2015-07-28','1.0442','1.0442','-0.47',NULL,NULL,''),(486,'110031','2015-07-27','1.0491','1.0491','-3.16',NULL,NULL,''),(487,'110031','2015-07-24','1.0833','1.0833','-1.13',NULL,NULL,''),(488,'110031','2015-07-23','1.0957','1.0957','0.73',NULL,NULL,''),(489,'110031','2015-07-22','1.0878','1.0878','-0.89',NULL,NULL,''),(490,'110031','2015-07-21','1.0976','1.0976','0.73',NULL,NULL,''),(491,'110031','2015-07-20','1.0897','1.0897','-0.44',NULL,NULL,''),(492,'110031','2015-07-17','1.0945','1.0945','0.71',NULL,NULL,''),(493,'110031','2015-07-16','1.0868','1.0868','0.51',NULL,NULL,''),(494,'110031','2015-07-15','1.0813','1.0813','0.05',NULL,NULL,''),(495,'110031','2015-07-14','1.0808','1.0808','1.31',NULL,NULL,''),(496,'110031','2015-07-13','1.0668','1.0668','0.87',NULL,NULL,''),(497,'110031','2015-07-10','1.0576','1.0576','2.88',NULL,NULL,''),(498,'110031','2015-07-09','1.028','1.028','2.70',NULL,NULL,''),(499,'110031','2015-07-08','1.001','1.001','-6.47',NULL,NULL,''),(500,'110031','2015-07-07','1.0703','1.0703','-3.66',NULL,NULL,''),(501,'110031','2015-07-06','1.111','1.111','-2.82',NULL,NULL,''),(502,'110031','2015-07-03','1.1432','1.1432','-1.30',NULL,NULL,''),(503,'110031','2015-07-02','1.1582','1.1582','',NULL,NULL,''),(504,'110031','2015-06-30','1.1715','1.1715','2.15',NULL,NULL,''),(505,'110031','2015-06-29','1.1468','1.1468','-2.33',NULL,NULL,''),(506,'110031','2015-06-26','1.1741','1.1741','-2.59',NULL,NULL,''),(507,'110031','2015-06-25','1.2053','1.2053','-1.03',NULL,NULL,''),(508,'110031','2015-06-24','1.2178','1.2178','0.60',NULL,NULL,''),(509,'110031','2015-06-23','1.2105','1.2105','3.54',NULL,NULL,''),(510,'110031','2015-06-19','1.1691','1.1691','-0.57',NULL,NULL,''),(511,'110031','2015-06-18','1.1758','1.1758','-1.11',NULL,NULL,''),(512,'110031','2015-06-17','1.189','1.189','1.18',NULL,NULL,''),(513,'110031','2015-06-16','1.1751','1.1751','-2.58',NULL,NULL,''),(514,'110031','2015-06-15','1.2062','1.2062','-2.47',NULL,NULL,''),(515,'110031','2015-06-12','1.2367','1.2367','1.69',NULL,NULL,''),(516,'110031','2015-06-11','1.2161','1.2161','0.86',NULL,NULL,''),(517,'110031','2015-06-10','1.2057','1.2057','-1.58',NULL,NULL,''),(518,'110031','2015-06-09','1.225','1.225','-1.85',NULL,NULL,''),(519,'110031','2015-06-08','1.2481','1.2481','1.42',NULL,NULL,''),(520,'110031','2015-06-05','1.2306','1.2306','-1.35',NULL,NULL,''),(521,'110031','2015-06-04','1.2475','1.2475','0.19',NULL,NULL,''),(522,'110031','2015-06-03','1.2451','1.2451','-0.53',NULL,NULL,''),(523,'110031','2015-06-02','1.2517','1.2517','-0.64',NULL,NULL,''),(524,'110031','2015-06-01','1.2598','1.2598','1.30',NULL,NULL,''),(525,'110031','2015-05-29','1.2436','1.2436','-0.29',NULL,NULL,''),(526,'110031','2015-05-28','1.2472','1.2472','-3.21',NULL,NULL,''),(527,'110031','2015-05-27','1.2886','1.2886','-0.51',NULL,NULL,''),(528,'110031','2015-05-26','1.2952','1.2952','',NULL,NULL,''),(529,'110031','2015-05-22','1.2692','1.2692','1.98',NULL,NULL,''),(530,'110031','2015-05-21','1.2446','1.2446','-0.68',NULL,NULL,''),(531,'110031','2015-05-20','1.2531','1.2531','0.38',NULL,NULL,''),(532,'110031','2015-05-19','1.2483','1.2483','1.81',NULL,NULL,''),(533,'110031','2015-05-18','1.2261','1.2261','-0.58',NULL,NULL,''),(534,'110031','2015-05-15','1.2332','1.2332','1.56',NULL,NULL,''),(535,'110031','2015-05-14','1.2142','1.2142','-0.57',NULL,NULL,''),(536,'110031','2015-05-13','1.2211','1.2211','-0.78',NULL,NULL,''),(537,'110031','2015-05-12','1.2307','1.2307','-1.32',NULL,NULL,''),(538,'110031','2015-05-11','1.2472','1.2472','0.86',NULL,NULL,''),(539,'110031','2015-05-08','1.2366','1.2366','1.95',NULL,NULL,''),(540,'110031','2015-05-07','1.213','1.213','-1.59',NULL,NULL,''),(541,'110031','2015-05-06','1.2326','1.2326','-0.53',NULL,NULL,''),(542,'110031','2015-05-05','1.2392','1.2392','-2.46',NULL,NULL,''),(543,'110031','2015-05-04','1.2705','1.2705','0.23',NULL,NULL,''),(544,'110031','2015-04-30','1.2676','1.2676','-1.12',NULL,NULL,''),(545,'110031','2015-04-29','1.2819','1.2819','-0.75',NULL,NULL,''),(546,'110031','2015-04-28','1.2916','1.2916','-0.18',NULL,NULL,''),(547,'110031','2015-04-27','1.2939','1.2939','1.61',NULL,NULL,''),(548,'110031','2015-04-24','1.2734','1.2734','0.01',NULL,NULL,''),(549,'110031','2015-04-23','1.2733','1.2733','-1.20',NULL,NULL,''),(550,'110031','2015-04-22','1.2888','1.2888','0.91',NULL,NULL,''),(551,'110031','2015-04-21','1.2772','1.2772','2.89',NULL,NULL,''),(552,'110031','2015-04-20','1.2413','1.2413','-3.00',NULL,NULL,''),(553,'110031','2015-04-17','1.2797','1.2797','-1.59',NULL,NULL,''),(554,'110031','2015-04-16','1.3004','1.3004','1.40',NULL,NULL,''),(555,'110031','2015-04-15','1.2825','1.2825','0.27',NULL,NULL,''),(556,'110031','2015-04-14','1.279','1.279','-2.16',NULL,NULL,''),(557,'110031','2015-04-13','1.3073','1.3073','2.27',NULL,NULL,''),(558,'110031','2015-04-10','1.2783','1.2783','0.78',NULL,NULL,''),(559,'110031','2015-04-09','1.2684','1.2684','1.13',NULL,NULL,''),(560,'110031','2015-04-08','1.2542','1.2542','',NULL,NULL,''),(561,'110031','2015-04-02','1.187','1.187','0.83',NULL,NULL,''),(562,'110031','2015-04-01','1.1772','1.1772','1.71',NULL,NULL,''),(563,'110031','2015-03-31','1.1574','1.1574','0.46',NULL,NULL,''),(564,'110031','2015-03-30','1.1521','1.1521','3.23',NULL,NULL,''),(565,'110031','2015-03-27','1.116','1.116','-0.13',NULL,NULL,''),(566,'110031','2015-03-26','1.1175','1.1175','-0.44',NULL,NULL,''),(567,'110031','2015-03-25','1.1224','1.1224','-0.25',NULL,NULL,''),(568,'110031','2015-03-24','1.1252','1.1252','-1.40',NULL,NULL,''),(569,'110031','2015-03-23','1.1412','1.1412','0.11',NULL,NULL,''),(570,'110031','2015-03-20','1.14','1.14','0.30',NULL,NULL,''),(571,'110031','2015-03-19','1.1366','1.1366','1.01',NULL,NULL,''),(572,'110031','2015-03-18','1.1252','1.1252','1.11',NULL,NULL,''),(573,'110031','2015-03-17','1.1128','1.1128','0.14',NULL,NULL,''),(574,'110031','2015-03-16','1.1113','1.1113','0.84',NULL,NULL,''),(575,'110031','2015-03-13','1.102','1.102','1.15',NULL,NULL,''),(576,'110031','2015-03-12','1.0895','1.0895','1.15',NULL,NULL,''),(577,'110031','2015-03-11','1.0771','1.0771','-0.69',NULL,NULL,''),(578,'110031','2015-03-10','1.0846','1.0846','-1.34',NULL,NULL,''),(579,'110031','2015-03-09','1.0993','1.0993','0.56',NULL,NULL,''),(580,'110031','2015-03-06','1.0932','1.0932','0.06',NULL,NULL,''),(581,'110031','2015-03-05','1.0925','1.0925','-1.12',NULL,NULL,''),(582,'110031','2015-03-04','1.1049','1.1049','-1.63',NULL,NULL,''),(583,'110031','2015-03-03','1.1232','1.1232','-2.02',NULL,NULL,''),(584,'110031','2015-03-02','1.1464','1.1464','0.30',NULL,NULL,''),(585,'110031','2015-02-27','1.143','1.143','-0.18',NULL,NULL,''),(586,'110031','2015-02-26','1.1451','1.1451','1.25',NULL,NULL,''),(587,'110031','2015-02-25','1.131','1.131','0.61',NULL,NULL,''),(588,'110031','2015-02-17','1.1241','1.1241','0.57',NULL,NULL,''),(589,'110031','2015-02-16','1.1177','1.1177','0.05',NULL,NULL,''),(590,'110031','2015-02-13','1.1171','1.1171','0.98',NULL,NULL,''),(591,'110031','2015-02-12','1.1063','1.1063','1.03',NULL,NULL,''),(592,'110031','2015-02-11','1.095','1.095','-0.32',NULL,NULL,''),(593,'110031','2015-02-10','1.0985','1.0985','0.33',NULL,NULL,''),(594,'110031','2015-02-09','1.0949','1.0949','-0.31',NULL,NULL,''),(595,'110031','2015-02-06','1.0983','1.0983','-0.90',NULL,NULL,''),(596,'110031','2015-02-05','1.1083','1.1083','-0.38',NULL,NULL,''),(597,'110031','2015-02-04','1.1125','1.1125','-0.91',NULL,NULL,''),(598,'110031','2015-02-03','1.1227','1.1227','1.57',NULL,NULL,''),(599,'110031','2015-02-02','1.1053','1.1053','-1.05',NULL,NULL,''),(600,'110031','2015-01-30','1.117','1.117','-0.34',NULL,NULL,''),(601,'110031','2015-01-29','1.1208','1.1208','-1.74',NULL,NULL,''),(602,'110031','2015-01-28','1.1406','1.1406','-0.64',NULL,NULL,''),(603,'110031','2015-01-27','1.148','1.148','-1.48',NULL,NULL,''),(604,'110031','2015-01-26','1.1653','1.1653','-0.49',NULL,NULL,''),(605,'110031','2015-01-23','1.171','1.171','0.91',NULL,NULL,''),(606,'110031','2015-01-22','1.1604','1.1604','-0.28',NULL,NULL,''),(607,'110031','2015-01-21','1.1637','1.1637','1.96',NULL,NULL,''),(608,'110031','2015-01-20','1.1413','1.1413','1.96',NULL,NULL,''),(609,'110031','2015-01-19','1.1194','1.1194','-3.82',NULL,NULL,''),(610,'110031','2015-01-16','1.1639','1.1639','-0.78',NULL,NULL,''),(611,'110031','2015-01-15','1.173','1.173','1.56',NULL,NULL,''),(612,'110031','2015-01-14','1.155','1.155','-0.38',NULL,NULL,''),(613,'110031','2015-01-13','1.1594','1.1594','1.69',NULL,NULL,''),(614,'110031','2015-01-12','1.1401','1.1401','-0.55',NULL,NULL,''),(615,'110031','2015-01-09','1.1464','1.1464','0.61',NULL,NULL,''),(616,'110031','2015-01-08','1.1394','1.1394','0.34',NULL,NULL,''),(617,'110031','2015-01-07','1.1355','1.1355','0.04',NULL,NULL,''),(618,'110031','2015-01-06','1.135','1.135','-1.43',NULL,NULL,''),(619,'110031','2015-01-05','1.1515','1.1515','1.90',NULL,NULL,''),(620,'110031','2014-12-31','1.13','1.13','1.04',NULL,NULL,''),(621,'110031','2014-12-30','1.1184','1.1184','-1.27',NULL,NULL,''),(622,'110031','2014-12-29','1.1328','1.1328','',NULL,NULL,''),(623,'110031','2014-12-23','1.1033','1.1033','-0.56',NULL,NULL,''),(624,'110031','2014-12-22','1.1095','1.1095','2.78',NULL,NULL,''),(625,'110031','2014-12-19','1.0795','1.0795','0.62',NULL,NULL,''),(626,'110031','2014-12-18','1.0729','1.0729','0.58',NULL,NULL,''),(627,'110031','2014-12-17','1.0667','1.0667','0.99',NULL,NULL,''),(628,'110031','2014-12-16','1.0562','1.0562','-0.57',NULL,NULL,''),(629,'110031','2014-12-15','1.0623','1.0623','-0.24',NULL,NULL,''),(630,'110031','2014-12-12','1.0649','1.0649','-0.09',NULL,NULL,''),(631,'110031','2014-12-11','1.0659','1.0659','-0.98',NULL,NULL,''),(632,'110031','2014-12-10','1.0764','1.0764','0.26',NULL,NULL,''),(633,'110031','2014-12-09','1.0736','1.0736','-4.25',NULL,NULL,''),(634,'110031','2014-12-08','1.1213','1.1213','2.08',NULL,NULL,''),(635,'110031','2014-12-05','1.0985','1.0985','0.93',NULL,NULL,''),(636,'110031','2014-12-04','1.0884','1.0884','3.66',NULL,NULL,''),(637,'110031','2014-12-03','1.05','1.05','-0.46',NULL,NULL,''),(638,'110031','2014-12-02','1.0549','1.0549','2.56',NULL,NULL,''),(639,'110031','2014-12-01','1.0286','1.0286','-2.74',NULL,NULL,''),(640,'110031','2014-11-28','1.0576','1.0576','1.17',NULL,NULL,''),(641,'110031','2014-11-27','1.0454','1.0454','-0.36',NULL,NULL,''),(642,'110031','2014-11-26','1.0492','1.0492','2.27',NULL,NULL,''),(643,'110031','2014-11-25','1.0259','1.0259','-0.57',NULL,NULL,''),(644,'110031','2014-11-24','1.0318','1.0318','3.56',NULL,NULL,''),(645,'110031','2014-11-21','0.9963','0.9963','0.55',NULL,NULL,''),(646,'110031','2014-11-20','0.9909','0.9909','0.01',NULL,NULL,''),(647,'110031','2014-11-19','0.9908','0.9908','-0.46',NULL,NULL,''),(648,'110031','2014-11-18','0.9954','0.9954','-1.10',NULL,NULL,''),(649,'110031','2014-11-17','1.0065','1.0065','-1.79',NULL,NULL,''),(650,'110031','2014-11-14','1.0248','1.0248','-0.38',NULL,NULL,''),(651,'110031','2014-11-13','1.0287','1.0287','0.59',NULL,NULL,''),(652,'110031','2014-11-12','1.0227','1.0227','0.71',NULL,NULL,''),(653,'110031','2014-11-11','1.0155','1.0155','0.35',NULL,NULL,''),(654,'110031','2014-11-10','1.012','1.012','0.31',NULL,NULL,''),(655,'110031','2014-11-07','1.0089','1.0089','-0.21',NULL,NULL,''),(656,'110031','2014-11-06','1.011','1.011','-0.37',NULL,NULL,''),(657,'110031','2014-11-05','1.0148','1.0148','-0.99',NULL,NULL,''),(658,'110031','2014-11-04','1.0249','1.0249','0.64',NULL,NULL,''),(659,'110031','2014-11-03','1.0184','1.0184','-0.74',NULL,NULL,''),(660,'110031','2014-10-31','1.026','1.026','1.10',NULL,NULL,''),(661,'110031','2014-10-30','1.0148','1.0148','-0.72',NULL,NULL,''),(662,'110031','2014-10-29','1.0222','1.0222','1.52',NULL,NULL,''),(663,'110031','2014-10-28','1.0069','1.0069','2.07',NULL,NULL,''),(664,'110031','2014-10-27','0.9865','0.9865','-0.75',NULL,NULL,''),(665,'110031','2014-10-24','0.994','0.994','-0.42',NULL,NULL,''),(666,'110031','2014-10-23','0.9982','0.9982','0.14',NULL,NULL,''),(667,'110031','2014-10-22','0.9968','0.9968','1.41',NULL,NULL,''),(668,'110031','2014-10-21','0.9829','0.9829','-0.22',NULL,NULL,''),(669,'110031','2014-10-20','0.9851','0.9851','0.58',NULL,NULL,''),(670,'110031','2014-10-17','0.9794','0.9794','0.45',NULL,NULL,''),(671,'110031','2014-10-16','0.975','0.975','-1.00',NULL,NULL,''),(672,'110031','2014-10-15','0.9848','0.9848','0.36',NULL,NULL,''),(673,'110031','2014-10-14','0.9813','0.9813','-0.35',NULL,NULL,''),(674,'110031','2014-10-13','0.9847','0.9847','-0.22',NULL,NULL,''),(675,'110031','2014-10-10','0.9869','0.9869','-1.60',NULL,NULL,''),(676,'110031','2014-10-09','1.0029','1.0029','0.71',NULL,NULL,''),(677,'110031','2014-10-08','0.9958','0.9958','0.78',NULL,NULL,''),(678,'110031','2014-09-30','0.9881','0.9881','-1.19',NULL,NULL,''),(679,'110031','2014-09-29','1','1','-1.31',NULL,NULL,''),(680,'110031','2014-09-26','1.0133','1.0133','-0.49',NULL,NULL,''),(681,'110031','2014-09-25','1.0183','1.0183','-0.62',NULL,NULL,''),(682,'110031','2014-09-24','1.0247','1.0247','1.28',NULL,NULL,''),(683,'110031','2014-09-23','1.0118','1.0118','-0.28',NULL,NULL,''),(684,'110031','2014-09-22','1.0146','1.0146','-1.58',NULL,NULL,''),(685,'110031','2014-09-19','1.0309','1.0309','-0.19',NULL,NULL,''),(686,'110031','2014-09-18','1.0329','1.0329','-0.74',NULL,NULL,''),(687,'110031','2014-09-17','1.0406','1.0406','1.48',NULL,NULL,''),(688,'110031','2014-09-16','1.0254','1.0254','-0.99',NULL,NULL,''),(689,'110031','2014-09-15','1.0357','1.0357','-1.46',NULL,NULL,''),(690,'110031','2014-09-12','1.051','1.051','-0.12',NULL,NULL,''),(691,'110031','2014-09-11','1.0523','1.0523','-0.52',NULL,NULL,''),(692,'110031','2014-09-10','1.0578','1.0578','',NULL,NULL,''),(693,'110031','2014-09-05','1.0843','1.0843','-0.08',NULL,NULL,''),(694,'110031','2014-09-04','1.0852','1.0852','0.55',NULL,NULL,''),(695,'110031','2014-09-03','1.0793','1.0793','2.95',NULL,NULL,''),(696,'110031','2014-09-02','1.0484','1.0484','0.05',NULL,NULL,''),(697,'110031','2014-09-01','1.0479','1.0479','0.00',NULL,NULL,''),(698,'110031','2014-08-29','1.0479','1.0479','0.25',NULL,NULL,''),(699,'110031','2014-08-28','1.0453','1.0453','-1.21',NULL,NULL,''),(700,'110031','2014-08-27','1.0581','1.0581','-0.44',NULL,NULL,''),(701,'110031','2014-08-26','1.0628','1.0628','0.08',NULL,NULL,''),(702,'110031','2014-08-25','1.062','1.062','0.51',NULL,NULL,''),(703,'110031','2014-08-22','1.0566','1.0566','0.97',NULL,NULL,''),(704,'110031','2014-08-21','1.0465','1.0465','-0.87',NULL,NULL,''),(705,'110031','2014-08-20','1.0557','1.0557','-0.29',NULL,NULL,''),(706,'110031','2014-08-19','1.0588','1.0588','0.27',NULL,NULL,''),(707,'110031','2014-08-18','1.0559','1.0559','-0.36',NULL,NULL,''),(708,'110031','2014-08-15','1.0597','1.0597','0.22',NULL,NULL,''),(709,'110031','2014-08-14','1.0574','1.0574','-0.95',NULL,NULL,''),(710,'110031','2014-08-13','1.0675','1.0675','1.07',NULL,NULL,''),(711,'110031','2014-08-12','1.0562','1.0562','0.20',NULL,NULL,''),(712,'110031','2014-08-11','1.0541','1.0541','1.63',NULL,NULL,''),(713,'110031','2014-08-08','1.0372','1.0372','-0.55',NULL,NULL,''),(714,'110031','2014-08-07','1.0429','1.0429','-0.87',NULL,NULL,''),(715,'110031','2014-08-06','1.052','1.052','-0.22',NULL,NULL,''),(716,'110031','2014-08-05','1.0543','1.0543','-0.64',NULL,NULL,''),(717,'110031','2014-08-04','1.0611','1.0611','0.82',NULL,NULL,''),(718,'110031','2014-08-01','1.0525','1.0525','-1.19',NULL,NULL,''),(719,'110031','2014-07-31','1.0652','1.0652','0.13',NULL,NULL,''),(720,'110031','2014-07-30','1.0638','1.0638','0.03',NULL,NULL,''),(721,'110031','2014-07-29','1.0635','1.0635','0.37',NULL,NULL,''),(722,'110031','2014-07-28','1.0596','1.0596','0.70',NULL,NULL,''),(723,'110031','2014-07-25','1.0522','1.0522','0.47',NULL,NULL,''),(724,'110031','2014-07-24','1.0473','1.0473','1.01',NULL,NULL,''),(725,'110031','2014-07-23','1.0368','1.0368','1.88',NULL,NULL,''),(726,'110031','2014-07-22','1.0177','1.0177','2.14',NULL,NULL,''),(727,'110031','2014-07-21','0.9964','0.9964','-0.78',NULL,NULL,''),(728,'110031','2014-07-18','1.0042','1.0042','-0.21',NULL,NULL,''),(729,'110031','2014-07-17','1.0063','1.0063','-0.04',NULL,NULL,''),(730,'110031','2014-07-16','1.0067','1.0067','-0.06',NULL,NULL,''),(731,'110031','2014-07-15','1.0073','1.0073','0.28',NULL,NULL,''),(732,'110031','2014-07-14','1.0045','1.0045','0.69',NULL,NULL,''),(733,'110031','2014-07-11','0.9976','0.9976','0.13',NULL,NULL,''),(734,'110031','2014-07-10','0.9963','0.9963','0.10',NULL,NULL,''),(735,'110031','2014-07-09','0.9953','0.9953','-1.51',NULL,NULL,''),(736,'110031','2014-07-08','1.0106','1.0106','0.10',NULL,NULL,''),(737,'110031','2014-07-07','1.0096','1.0096','-0.02',NULL,NULL,''),(738,'110031','2014-07-04','1.0098','1.0098','0.39',NULL,NULL,''),(739,'110031','2014-07-03','1.0059','1.0059','0.46',NULL,NULL,''),(740,'110031','2014-07-02','1.0013','1.0013','',NULL,NULL,''),(741,'110031','2014-06-30','0.9858','0.9858','0.20',NULL,NULL,''),(742,'110031','2014-06-27','0.9838','0.9838','-0.23',NULL,NULL,''),(743,'110031','2014-06-26','0.9861','0.9861','1.36',NULL,NULL,''),(744,'110031','2014-06-25','0.9729','0.9729','-0.36',NULL,NULL,''),(745,'110031','2014-06-24','0.9764','0.9764','0.45',NULL,NULL,''),(746,'110031','2014-06-23','0.972','0.972','-1.69',NULL,NULL,''),(747,'110031','2014-06-20','0.9887','0.9887','0.38',NULL,NULL,''),(748,'110031','2014-06-19','0.985','0.985','-0.29',NULL,NULL,''),(749,'110031','2014-06-18','0.9879','0.9879','-0.13',NULL,NULL,''),(750,'110031','2014-06-17','0.9892','0.9892','-0.49',NULL,NULL,''),(751,'110031','2014-06-16','0.9941','0.9941','0.09',NULL,NULL,''),(752,'110031','2014-06-13','0.9932','0.9932','0.72',NULL,NULL,''),(753,'110031','2014-06-12','0.9861','0.9861','-0.10',NULL,NULL,''),(754,'110031','2014-06-11','0.9871','0.9871','-0.01',NULL,NULL,''),(755,'110031','2014-06-10','0.9872','0.9872','0.94',NULL,NULL,''),(756,'110031','2014-06-09','0.978','0.978','0.37',NULL,NULL,''),(757,'110031','2014-06-06','0.9744','0.9744','-0.35',NULL,NULL,''),(758,'110031','2014-06-05','0.9778','0.9778','0.44',NULL,NULL,''),(759,'110031','2014-06-04','0.9735','0.9735','-0.40',NULL,NULL,''),(760,'110031','2014-06-03','0.9774','0.9774','1.17',NULL,NULL,''),(761,'110031','2014-05-30','0.9661','0.9661','0.59',NULL,NULL,''),(762,'110031','2014-05-29','0.9604','0.9604','-0.09',NULL,NULL,''),(763,'110031','2014-05-28','0.9613','0.9613','1.26',NULL,NULL,''),(764,'110031','2014-05-27','0.9493','0.9493','-0.43',NULL,NULL,''),(765,'110031','2014-05-26','0.9534','0.9534','0.06',NULL,NULL,''),(766,'110031','2014-05-23','0.9528','0.9528','0.21',NULL,NULL,''),(767,'110031','2014-05-22','0.9508','0.9508','1.25',NULL,NULL,''),(768,'110031','2014-05-21','0.9391','0.9391','1.07',NULL,NULL,''),(769,'110031','2014-05-20','0.9292','0.9292','-0.31',NULL,NULL,''),(770,'110031','2014-05-19','0.9321','0.9321','-0.37',NULL,NULL,''),(771,'110031','2014-05-16','0.9356','0.9356','-0.17',NULL,NULL,''),(772,'110031','2014-05-15','0.9372','0.9372','-0.20',NULL,NULL,''),(773,'110031','2014-05-14','0.9391','0.9391','1.29',NULL,NULL,''),(774,'110031','2014-05-13','0.9271','0.9271','0.31',NULL,NULL,''),(775,'110031','2014-05-12','0.9242','0.9242','1.42',NULL,NULL,''),(776,'110031','2014-05-09','0.9113','0.9113','-0.44',NULL,NULL,''),(777,'110031','2014-05-08','0.9153','0.9153','0.78',NULL,NULL,''),(778,'110031','2014-05-07','0.9082','0.9082','-0.86',NULL,NULL,''),(779,'110031','2014-05-06','0.9161','0.9161','0.00',NULL,NULL,''),(780,'110031','2014-05-05','0.9161','0.9161','-0.39',NULL,NULL,''),(781,'110031','2014-04-30','0.9197','0.9197','-0.93',NULL,NULL,''),(782,'110031','2014-04-29','0.9283','0.9283','1.03',NULL,NULL,''),(783,'110031','2014-04-28','0.9188','0.9188','-0.29',NULL,NULL,''),(784,'110031','2014-04-25','0.9215','0.9215','-1.33',NULL,NULL,''),(785,'110031','2014-04-24','0.9339','0.9339','0.29',NULL,NULL,''),(786,'110031','2014-04-23','0.9312','0.9312','-1.16',NULL,NULL,''),(787,'110031','2014-04-22','0.9421','0.9421','-0.42',NULL,NULL,''),(788,'110031','2014-04-17','0.9461','0.9461','0.38',NULL,NULL,''),(789,'110031','2014-04-16','0.9425','0.9425','0.11',NULL,NULL,''),(790,'110031','2014-04-15','0.9415','0.9415','-1.88',NULL,NULL,''),(791,'110031','2014-04-14','0.9595','0.9595','0.17',NULL,NULL,''),(792,'110031','2014-04-11','0.9579','0.9579','-1.73',NULL,NULL,''),(793,'110031','2014-04-10','0.9748','0.9748','0.39',NULL,NULL,''),(794,'110031','2014-04-09','0.971','0.971','0.48',NULL,NULL,''),(795,'110031','2014-04-08','0.9664','0.9664','1.88',NULL,NULL,''),(796,'110031','2014-04-04','0.9486','0.9486','0.20',NULL,NULL,''),(797,'110031','2014-04-03','0.9467','0.9467','0.68',NULL,NULL,''),(798,'110031','2014-04-02','0.9403','0.9403','-0.70',NULL,NULL,''),(799,'110031','2014-04-01','0.9469','0.9469','0.18',NULL,NULL,''),(800,'110031','2014-03-31','0.9452','0.9452','0.71',NULL,NULL,''),(801,'110031','2014-03-28','0.9385','0.9385','1.25',NULL,NULL,''),(802,'110031','2014-03-27','0.9269','0.9269','0.23',NULL,NULL,''),(803,'110031','2014-03-26','0.9248','0.9248','1.53',NULL,NULL,''),(804,'110031','2014-03-25','0.9109','0.9109','-0.08',NULL,NULL,''),(805,'110031','2014-03-24','0.9116','0.9116','2.67',NULL,NULL,''),(806,'110031','2014-03-21','0.8879','0.8879','2.27',NULL,NULL,''),(807,'110031','2014-03-20','0.8682','0.8682','-1.39',NULL,NULL,''),(808,'110031','2014-03-19','0.8804','0.8804','0.19',NULL,NULL,''),(809,'110031','2014-03-18','0.8787','0.8787','0.14',NULL,NULL,''),(810,'110031','2014-03-17','0.8775','0.8775','0.26',NULL,NULL,''),(811,'110031','2014-03-14','0.8752','0.8752','-0.23',NULL,NULL,''),(812,'110031','2014-03-13','0.8772','0.8772','-0.47',NULL,NULL,''),(813,'110031','2014-03-12','0.8813','0.8813','-1.49',NULL,NULL,''),(814,'110031','2014-03-11','0.8946','0.8946','-0.15',NULL,NULL,''),(815,'110031','2014-03-10','0.8959','0.8959','-1.47',NULL,NULL,''),(816,'110031','2014-03-07','0.9093','0.9093','0.26',NULL,NULL,''),(817,'110031','2014-03-06','0.9069','0.9069','0.10',NULL,NULL,''),(818,'110031','2014-03-05','0.906','0.906','-1.05',NULL,NULL,''),(819,'110031','2014-03-04','0.9156','0.9156','0.32',NULL,NULL,''),(820,'110031','2014-03-03','0.9127','0.9127','-1.35',NULL,NULL,''),(821,'110031','2014-02-28','0.9252','0.9252','-0.63',NULL,NULL,''),(822,'110031','2014-02-27','0.9311','0.9311','1.47',NULL,NULL,''),(823,'110031','2014-02-26','0.9176','0.9176','0.59',NULL,NULL,''),(824,'110031','2014-02-25','0.9122','0.9122','-0.58',NULL,NULL,''),(825,'110031','2014-02-24','0.9175','0.9175','-1.27',NULL,NULL,''),(826,'110031','2014-02-21','0.9293','0.9293','-0.34',NULL,NULL,''),(827,'110031','2014-02-20','0.9325','0.9325','-0.67',NULL,NULL,''),(828,'110031','2014-02-19','0.9388','0.9388','0.04',NULL,NULL,''),(829,'110031','2014-02-18','0.9384','0.9384','-0.36',NULL,NULL,''),(830,'110031','2014-02-17','0.9418','0.9418','1.51',NULL,NULL,''),(831,'110031','2014-02-14','0.9278','0.9278','0.52',NULL,NULL,''),(832,'110031','2014-02-13','0.923','0.923','-1.09',NULL,NULL,''),(833,'110031','2014-02-12','0.9332','0.9332','1.30',NULL,NULL,''),(834,'110031','2014-02-11','0.9212','0.9212','2.29',NULL,NULL,''),(835,'110031','2014-02-10','0.9006','0.9006','-0.31',NULL,NULL,''),(836,'110031','2014-02-07','0.9034','0.9034','-2.29',NULL,NULL,''),(837,'110031','2014-01-29','0.9246','0.9246','1.30',NULL,NULL,''),(838,'110031','2014-01-28','0.9127','0.9127','-0.24',NULL,NULL,''),(839,'110031','2014-01-27','0.9149','0.9149','-2.11',NULL,NULL,''),(840,'110031','2014-01-24','0.9346','0.9346','-0.99',NULL,NULL,''),(841,'110031','2014-01-23','0.9439','0.9439','-1.90',NULL,NULL,''),(842,'110031','2014-01-22','0.9622','0.9622','0.99',NULL,NULL,''),(843,'110031','2014-01-21','0.9528','0.9528','1.58',NULL,NULL,''),(844,'110031','2014-01-20','0.938','0.938','-1.10',NULL,NULL,''),(845,'110031','2014-01-17','0.9484','0.9484','-0.23',NULL,NULL,''),(846,'110031','2014-01-16','0.9506','0.9506','-0.03',NULL,NULL,''),(847,'110031','2014-01-15','0.9509','0.9509','0.58',NULL,NULL,''),(848,'110031','2014-01-14','0.9454','0.9454','-0.34',NULL,NULL,''),(849,'110031','2014-01-13','0.9486','0.9486','0.05',NULL,NULL,''),(850,'110031','2014-01-10','0.9481','0.9481','-0.05',NULL,NULL,''),(851,'110031','2014-01-09','0.9486','0.9486','-1.52',NULL,NULL,''),(852,'110031','2014-01-08','0.9632','0.9632','0.89',NULL,NULL,''),(853,'110031','2014-01-07','0.9547','0.9547','-0.51',NULL,NULL,''),(854,'110031','2014-01-06','0.9596','0.9596','-1.27',NULL,NULL,''),(855,'110031','2014-01-03','0.9719','0.9719','-2.24',NULL,NULL,''),(856,'110031','2014-01-02','0.9942','0.9942','-0.88',NULL,NULL,''),(857,'110031','2013-12-31','1.003','1.003','0.30',NULL,NULL,''),(858,'110031','2013-12-30','1','1','-0.54',NULL,NULL,''),(859,'110031','2013-12-27','1.0054','1.0054','1.37',NULL,NULL,''),(860,'110031','2013-12-23','0.9918','0.9918','0.10',NULL,NULL,''),(861,'110031','2013-12-20','0.9908','0.9908','-1.27',NULL,NULL,''),(862,'110031','2013-12-19','1.0035','1.0035','-1.41',NULL,NULL,''),(863,'110031','2013-12-18','1.0179','1.0179','0.57',NULL,NULL,''),(864,'110031','2013-12-17','1.0121','1.0121','-0.39',NULL,NULL,''),(865,'110031','2013-12-16','1.0161','1.0161','-0.80',NULL,NULL,''),(866,'110031','2013-12-13','1.0243','1.0243','0.61',NULL,NULL,''),(867,'110031','2013-12-12','1.0181','1.0181','-0.91',NULL,NULL,''),(868,'110031','2013-12-11','1.0275','1.0275','-2.50',NULL,NULL,''),(869,'110031','2013-12-10','1.0538','1.0538','-0.43',NULL,NULL,''),(870,'110031','2013-12-09','1.0583','1.0583','0.29',NULL,NULL,''),(871,'110031','2013-12-06','1.0552','1.0552','-0.29',NULL,NULL,''),(872,'110031','2013-12-05','1.0583','1.0583','0.22',NULL,NULL,''),(873,'110031','2013-12-04','1.056','1.056','-0.72',NULL,NULL,''),(874,'110031','2013-12-03','1.0637','1.0637','-0.81',NULL,NULL,''),(875,'110031','2013-12-02','1.0724','1.0724','0.87',NULL,NULL,''),(876,'110031','2013-11-29','1.0632','1.0632','0.44',NULL,NULL,''),(877,'110031','2013-11-28','1.0585','1.0585','-0.12',NULL,NULL,''),(878,'110031','2013-11-27','1.0598','1.0598','0.75',NULL,NULL,''),(879,'110031','2013-11-26','1.0519','1.0519','-0.67',NULL,NULL,''),(880,'110031','2013-11-25','1.059','1.059','-0.60',NULL,NULL,''),(881,'110031','2013-11-22','1.0654','1.0654','0.94',NULL,NULL,''),(882,'110031','2013-11-21','1.0555','1.0555','-0.72',NULL,NULL,''),(883,'110031','2013-11-20','1.0632','1.0632','0.56',NULL,NULL,''),(884,'110031','2013-11-19','1.0573','1.0573','0.46',NULL,NULL,''),(885,'110031','2013-11-18','1.0525','1.0525','5.16',NULL,NULL,''),(886,'110031','2013-11-15','1.0009','1.0009','2.80',NULL,NULL,''),(887,'110031','2013-11-14','0.9736','0.9736','0.96',NULL,NULL,''),(888,'110031','2013-11-13','0.9643','0.9643','-2.52',NULL,NULL,''),(889,'110031','2013-11-12','0.9892','0.9892','-0.24',NULL,NULL,''),(890,'110031','2013-11-11','0.9916','0.9916','1.73',NULL,NULL,''),(891,'110031','2013-11-08','0.9747','0.9747','-0.87',NULL,NULL,''),(892,'110031','2013-11-07','0.9833','0.9833','-0.80',NULL,NULL,''),(893,'110031','2013-11-06','0.9912','0.9912','-0.60',NULL,NULL,''),(894,'110031','2013-11-05','0.9972','0.9972','-0.47',NULL,NULL,''),(895,'110031','2013-11-04','1.0019','1.0019','0.10',NULL,NULL,''),(896,'110031','2013-11-01','1.0009','1.0009','0.49',NULL,NULL,''),(897,'110031','2013-10-31','0.996','0.996','-0.10',NULL,NULL,''),(898,'110031','2013-10-30','0.997','0.997','2.25',NULL,NULL,''),(899,'110031','2013-10-29','0.9751','0.9751','1.23',NULL,NULL,''),(900,'110031','2013-10-28','0.9633','0.9633','0.72',NULL,NULL,''),(901,'110031','2013-10-25','0.9564','0.9564','-1.29',NULL,NULL,''),(902,'110031','2013-10-24','0.9689','0.9689','-1.19',NULL,NULL,''),(903,'110031','2013-10-23','0.9806','0.9806','-1.76',NULL,NULL,''),(904,'110031','2013-10-22','0.9982','0.9982','-0.08',NULL,NULL,''),(905,'110031','2013-10-21','0.999','0.999','0.18',NULL,NULL,''),(906,'110031','2013-10-18','0.9972','0.9972','0.56',NULL,NULL,''),(907,'110031','2013-10-17','0.9916','0.9916','-0.49',NULL,NULL,''),(908,'110031','2013-10-16','0.9965','0.9965','-0.37',NULL,NULL,''),(909,'110031','2013-10-15','1.0002','1.0002','0.68',NULL,NULL,''),(910,'110031','2013-10-11','0.9934','0.9934','1.06',NULL,NULL,''),(911,'110031','2013-10-10','0.983','0.983','-0.39',NULL,NULL,''),(912,'110031','2013-10-09','0.9868','0.9868','-0.22',NULL,NULL,''),(913,'110031','2013-10-08','0.989','0.989','1.80',NULL,NULL,''),(914,'110031','2013-09-30','0.9715','0.9715','-1.59',NULL,NULL,''),(915,'110031','2013-09-27','0.9872','0.9872','-0.39',NULL,NULL,''),(916,'110031','2013-09-26','0.9911','0.9911','-0.53',NULL,NULL,''),(917,'110031','2013-09-25','0.9964','0.9964','0.00',NULL,NULL,''),(918,'110031','2013-09-24','0.9964','0.9964','-1.00',NULL,NULL,''),(919,'110031','2013-09-23','1.0065','1.0065','0.99',NULL,NULL,''),(920,'110031','2013-09-18','0.9966','0.9966','-0.57',NULL,NULL,''),(921,'110031','2013-09-17','1.0023','1.0023','-0.49',NULL,NULL,''),(922,'110031','2013-09-16','1.0072','1.0072','1.41',NULL,NULL,''),(923,'110031','2013-09-13','0.9932','0.9932','-0.82',NULL,NULL,''),(924,'110031','2013-09-12','1.0014','1.0014','-0.04',NULL,NULL,''),(925,'110031','2013-09-11','1.0018','1.0018','-0.53',NULL,NULL,''),(926,'110031','2013-09-10','1.0071','1.0071','1.43',NULL,NULL,''),(927,'110031','2013-09-09','0.9929','0.9929','1.61',NULL,NULL,''),(928,'110031','2013-09-06','0.9772','0.9772','0.00',NULL,NULL,''),(929,'110031','2013-09-05','0.9772','0.9772','1.01',NULL,NULL,''),(930,'110031','2013-09-04','0.9674','0.9674','-0.02',NULL,NULL,''),(931,'110031','2013-09-03','0.9676','0.9676','1.80',NULL,NULL,''),(932,'110031','2013-09-02','0.9505','0.9505','2.17',NULL,NULL,''),(933,'110031','2013-08-30','0.9303','0.9303','-0.21',NULL,NULL,''),(934,'110031','2013-08-29','0.9323','0.9323','0.84',NULL,NULL,''),(935,'110031','2013-08-28','0.9245','0.9245','-2.09',NULL,NULL,''),(936,'110031','2013-08-27','0.9442','0.9442','-0.79',NULL,NULL,''),(937,'110031','2013-08-26','0.9517','0.9517','1.26',NULL,NULL,''),(938,'110031','2013-08-23','0.9399','0.9399','-0.31',NULL,NULL,''),(939,'110031','2013-08-22','0.9428','0.9428','1.05',NULL,NULL,''),(940,'110031','2013-08-21','0.933','0.933','-0.49',NULL,NULL,''),(941,'110031','2013-08-20','0.9376','0.9376','-2.64',NULL,NULL,''),(942,'110031','2013-08-19','0.963','0.963','-0.16',NULL,NULL,''),(943,'110031','2013-08-16','0.9645','0.9645','0.09',NULL,NULL,''),(944,'110031','2013-08-15','0.9636','0.9636','0.17',NULL,NULL,''),(945,'110031','2013-08-13','0.962','0.962','2.44',NULL,NULL,''),(946,'110031','2013-08-12','0.9391','0.9391','3.12',NULL,NULL,''),(947,'110031','2013-08-09','0.9107','0.9107','1.07',NULL,NULL,''),(948,'110031','2013-08-08','0.9011','0.9011','0.32',NULL,NULL,''),(949,'110031','2013-08-07','0.8982','0.8982','-1.99',NULL,NULL,''),(950,'110031','2013-08-06','0.9164','0.9164','-0.75',NULL,NULL,''),(951,'110031','2013-08-05','0.9233','0.9233','-0.16',NULL,NULL,''),(952,'110031','2013-08-02','0.9248','0.9248','0.13',NULL,NULL,''),(953,'110031','2013-08-01','0.9236','0.9236','0.59',NULL,NULL,''),(954,'110031','2013-07-31','0.9182','0.9182','-0.03',NULL,NULL,''),(955,'110031','2013-07-30','0.9185','0.9185','0.36',NULL,NULL,''),(956,'110031','2013-07-29','0.9152','0.9152','-1.09',NULL,NULL,''),(957,'110031','2013-07-26','0.9253','0.9253','-0.03',NULL,NULL,''),(958,'110031','2013-07-25','0.9256','0.9256','-0.12',NULL,NULL,''),(959,'110031','2013-07-24','0.9267','0.9267','-0.04',NULL,NULL,''),(960,'110031','2013-07-23','0.9271','0.9271','3.47',NULL,NULL,''),(961,'110031','2013-07-22','0.896','0.896','-0.37',NULL,NULL,''),(962,'110031','2013-07-19','0.8993','0.8993','-0.39',NULL,NULL,''),(963,'110031','2013-07-18','0.9028','0.9028','0.22',NULL,NULL,''),(964,'110031','2013-07-17','0.9008','0.9008','0.54',NULL,NULL,''),(965,'110031','2013-07-16','0.896','0.896','-0.21',NULL,NULL,''),(966,'110031','2013-07-15','0.8979','0.8979','0.12',NULL,NULL,''),(967,'110031','2013-07-12','0.8968','0.8968','-1.07',NULL,NULL,''),(968,'110031','2013-07-11','0.9065','0.9065','3.21',NULL,NULL,''),(969,'110031','2013-07-10','0.8783','0.8783','1.49',NULL,NULL,''),(970,'110031','2013-07-09','0.8654','0.8654','-0.24',NULL,NULL,''),(971,'110031','2013-07-08','0.8675','0.8675','-1.42',NULL,NULL,''),(972,'110031','2013-07-05','0.88','0.88','1.90',NULL,NULL,''),(973,'110031','2013-07-04','0.8636','0.8636','1.17',NULL,NULL,''),(974,'110031','2013-07-03','0.8536','0.8536','-2.86',NULL,NULL,''),(975,'110031','2013-07-02','0.8787','0.8787','-1.06',NULL,NULL,''),(976,'110031','2013-06-30','0.8881','0.8881','-0.01',NULL,NULL,''),(977,'110031','2013-06-28','0.8882','0.8882','1.61',NULL,NULL,''),(978,'110031','2013-06-27','0.8741','0.8741','0.14',NULL,NULL,''),(979,'110031','2013-06-26','0.8729','0.8729','3.02',NULL,NULL,''),(980,'110031','2013-06-25','0.8473','0.8473','-0.74',NULL,NULL,''),(981,'110031','2013-06-24','0.8536','0.8536','-2.89',NULL,NULL,''),(982,'110031','2013-06-21','0.879','0.879','-0.14',NULL,NULL,''),(983,'110031','2013-06-20','0.8802','0.8802','-2.82',NULL,NULL,''),(984,'110031','2013-06-19','0.9057','0.9057','-1.32',NULL,NULL,''),(985,'110031','2013-06-18','0.9178','0.9178','0.03',NULL,NULL,''),(986,'110031','2013-06-17','0.9175','0.9175','1.24',NULL,NULL,''),(987,'110031','2013-06-14','0.9063','0.9063','-0.21',NULL,NULL,''),(988,'110031','2013-06-13','0.9082','0.9082','-3.80',NULL,NULL,''),(989,'110031','2013-06-07','0.9441','0.9441','-1.15',NULL,NULL,''),(990,'110031','2013-06-06','0.9551','0.9551','-0.96',NULL,NULL,''),(991,'110031','2013-06-05','0.9644','0.9644','-0.54',NULL,NULL,''),(992,'110031','2013-06-04','0.9696','0.9696','-0.02',NULL,NULL,''),(993,'110031','2013-06-03','0.9698','0.9698','-0.43',NULL,NULL,''),(994,'110031','2013-05-31','0.974','0.974','-0.81',NULL,NULL,''),(995,'110031','2013-05-30','0.982','0.982','-0.52',NULL,NULL,''),(996,'110031','2013-05-29','0.9871','0.9871','-1.26',NULL,NULL,''),(997,'110031','2013-05-28','0.9997','0.9997','1.46',NULL,NULL,''),(998,'110031','2013-05-27','0.9853','0.9853','0.09',NULL,NULL,''),(999,'110031','2013-05-24','0.9844','0.9844','-0.39',NULL,NULL,''),(1000,'110031','2013-05-23','0.9883','0.9883','-2.44',NULL,NULL,''),(1001,'110031','2013-05-22','1.013','1.013','-0.23',NULL,NULL,''),(1002,'110031','2013-05-21','1.0153','1.0153','-0.99',NULL,NULL,''),(1003,'110031','2013-05-20','1.0254','1.0254','1.22',NULL,NULL,''),(1004,'110031','2013-05-16','1.013','1.013','-0.50',NULL,NULL,''),(1005,'110031','2013-05-15','1.0181','1.0181','0.50',NULL,NULL,''),(1006,'110031','2013-05-14','1.013','1.013','-0.66',NULL,NULL,''),(1007,'110031','2013-05-13','1.0197','1.0197','-1.90',NULL,NULL,''),(1008,'110031','2013-05-10','1.0395','1.0395','0.80',NULL,NULL,''),(1009,'110031','2013-05-09','1.0312','1.0312','-0.21',NULL,NULL,''),(1010,'110031','2013-05-08','1.0334','1.0334','1.23',NULL,NULL,''),(1011,'110031','2013-05-07','1.0208','1.0208','0.88',NULL,NULL,''),(1012,'110031','2013-05-06','1.0119','1.0119','1.27',NULL,NULL,''),(1013,'110031','2013-05-03','0.9992','0.9992','0.27',NULL,NULL,''),(1014,'110031','2013-05-02','0.9965','0.9965','-0.23',NULL,NULL,''),(1015,'110031','2013-04-26','0.9988','0.9988','0.37',NULL,NULL,''),(1016,'110031','2013-04-25','0.9951','0.9951','1.06',NULL,NULL,''),(1017,'110031','2013-04-24','0.9847','0.9847','1.87',NULL,NULL,''),(1018,'110031','2013-04-23','0.9666','0.9666','-1.53',NULL,NULL,''),(1019,'110031','2013-04-22','0.9816','0.9816','0.05',NULL,NULL,''),(1020,'110031','2013-04-19','0.9811','0.9811','2.82',NULL,NULL,''),(1021,'110031','2013-04-18','0.9542','0.9542','-0.21',NULL,NULL,''),(1022,'110031','2013-04-17','0.9562','0.9562','-1.22',NULL,NULL,''),(1023,'110031','2013-04-16','0.968','0.968','-0.24',NULL,NULL,''),(1024,'110031','2013-04-15','0.9703','0.9703','-1.93',NULL,NULL,''),(1025,'110031','2013-04-12','0.9894','0.9894','-0.53',NULL,NULL,''),(1026,'110031','2013-04-11','0.9947','0.9947','0.17',NULL,NULL,''),(1027,'110031','2013-04-10','0.993','0.993','0.59',NULL,NULL,''),(1028,'110031','2013-04-09','0.9872','0.9872','1.60',NULL,NULL,''),(1029,'110031','2013-04-08','0.9717','0.9717','-2.78',NULL,NULL,''),(1030,'110031','2013-04-03','0.9995','0.9995','-0.41',NULL,NULL,''),(1031,'110031','2013-04-02','1.0036','1.0036','-0.97',NULL,NULL,''),(1032,'110031','2013-03-28','1.0134','1.0134','-1.18',NULL,NULL,''),(1033,'110031','2013-03-27','1.0255','1.0255','0.95',NULL,NULL,''),(1034,'110031','2013-03-26','1.0158','1.0158','-0.42',NULL,NULL,''),(1035,'110031','2013-03-25','1.0201','1.0201','0.65',NULL,NULL,''),(1036,'110031','2013-03-22','1.0135','1.0135','-0.46',NULL,NULL,''),(1037,'110031','2013-03-21','1.0182','1.0182','-0.27',NULL,NULL,''),(1038,'110031','2013-03-20','1.021','1.021','1.98',NULL,NULL,''),(1039,'110031','2013-03-19','1.0012','1.0012','-0.46',NULL,NULL,''),(1040,'110031','2013-03-18','1.0058','1.0058','-1.90',NULL,NULL,''),(1041,'110031','2013-03-15','1.0253','1.0253','-0.71',NULL,NULL,''),(1042,'110031','2013-03-14','1.0326','1.0326','0.56',NULL,NULL,''),(1043,'110031','2013-03-13','1.0269','1.0269','-2.11',NULL,NULL,''),(1044,'110031','2013-03-12','1.049','1.049','-1.21',NULL,NULL,''),(1045,'110031','2013-03-11','1.0618','1.0618','-0.32',NULL,NULL,''),(1046,'110031','2013-03-08','1.0652','1.0652','1.29',NULL,NULL,''),(1047,'110031','2013-03-07','1.0516','1.0516','-0.34',NULL,NULL,''),(1048,'110031','2013-03-06','1.0552','1.0552','1.47',NULL,NULL,''),(1049,'110031','2013-03-05','1.0399','1.0399','0.49',NULL,NULL,''),(1050,'110031','2013-03-04','1.0348','1.0348','-1.93',NULL,NULL,''),(1051,'110031','2013-03-01','1.0552','1.0552','-0.72',NULL,NULL,''),(1052,'110031','2013-02-28','1.0629','1.0629','2.35',NULL,NULL,''),(1053,'110031','2013-02-27','1.0385','1.0385','0.21',NULL,NULL,''),(1054,'110031','2013-02-26','1.0363','1.0363','-1.93',NULL,NULL,''),(1055,'110031','2013-02-25','1.0567','1.0567','0.14',NULL,NULL,''),(1056,'110031','2013-02-22','1.0552','1.0552','-0.89',NULL,NULL,''),(1057,'110031','2013-02-21','1.0647','1.0647','-2.00',NULL,NULL,''),(1058,'110031','2013-02-20','1.0864','1.0864','1.23',NULL,NULL,''),(1059,'110031','2013-02-19','1.0732','1.0732','-1.63',NULL,NULL,''),(1060,'110031','2013-02-18','1.091','1.091','0.69',NULL,NULL,''),(1061,'110031','2013-02-08','1.0835','1.0835','-0.44',NULL,NULL,''),(1062,'110031','2013-02-07','1.0883','1.0883','-1.34',NULL,NULL,''),(1063,'110031','2013-02-06','1.1031','1.1031','0.32',NULL,NULL,''),(1064,'110031','2013-02-05','1.0996','1.0996','-2.64',NULL,NULL,''),(1065,'110031','2013-02-04','1.1294','1.1294','-0.41',NULL,NULL,''),(1066,'110031','2013-02-01','1.134','1.134','0.70',NULL,NULL,''),(1067,'110031','2013-01-31','1.1261','1.1261','-0.35',NULL,NULL,''),(1068,'110031','2013-01-30','1.1301','1.1301','0.59',NULL,NULL,''),(1069,'110031','2013-01-29','1.1235','1.1235','-0.19',NULL,NULL,''),(1070,'110031','2013-01-28','1.1256','1.1256','0.74',NULL,NULL,''),(1071,'110031','2013-01-25','1.1173','1.1173','-0.75',NULL,NULL,''),(1072,'110031','2013-01-24','1.1257','1.1257','-0.50',NULL,NULL,''),(1073,'110031','2013-01-23','1.1314','1.1314','-0.30',NULL,NULL,''),(1074,'110031','2013-01-22','1.1348','1.1348','0.49',NULL,NULL,''),(1075,'110031','2013-01-21','1.1293','1.1293','0.15',NULL,NULL,''),(1076,'110031','2013-01-18','1.1276','1.1276','1.86',NULL,NULL,''),(1077,'110031','2013-01-17','1.107','1.107','-0.40',NULL,NULL,''),(1078,'110031','2013-01-16','1.1114','1.1114','-0.72',NULL,NULL,''),(1079,'110031','2013-01-15','1.1195','1.1195','-0.06',NULL,NULL,''),(1080,'110031','2013-01-14','1.1202','1.1202','1.21',NULL,NULL,''),(1081,'110031','2013-01-11','1.1068','1.1068','-0.82',NULL,NULL,''),(1082,'110031','2013-01-10','1.116','1.116','0.76',NULL,NULL,''),(1083,'110031','2013-01-09','1.1076','1.1076','0.83',NULL,NULL,''),(1084,'110031','2013-01-08','1.0985','1.0985','-2.17',NULL,NULL,''),(1085,'110031','2013-01-07','1.1229','1.1229','0.22',NULL,NULL,''),(1086,'110031','2013-01-04','1.1204','1.1204','4.05',NULL,NULL,''),(1087,'110031','2012-12-31','1.0768','1.0768','0.41',NULL,NULL,''),(1088,'110031','2012-12-28','1.0724','1.0724','0.09',NULL,NULL,''),(1089,'110031','2012-12-27','1.0714','1.0714','0.96',NULL,NULL,''),(1090,'110031','2012-12-21','1.0612','1.0612','-1.04',NULL,NULL,''),(1091,'110031','2012-12-20','1.0724','1.0724','-0.34',NULL,NULL,''),(1092,'110031','2012-12-19','1.0761','1.0761','0.64',NULL,NULL,''),(1093,'110031','2012-12-18','1.0693','1.0693','0.01',NULL,NULL,''),(1094,'110031','2012-12-17','1.0692','1.0692','-0.18',NULL,NULL,''),(1095,'110031','2012-12-14','1.0711','1.0711','1.47',NULL,NULL,''),(1096,'110031','2012-12-13','1.0556','1.0556','-0.15',NULL,NULL,''),(1097,'110031','2012-12-12','1.0572','1.0572','1.48',NULL,NULL,''),(1098,'110031','2012-12-11','1.0418','1.0418','-0.06',NULL,NULL,''),(1099,'110031','2012-12-10','1.0424','1.0424','0.64',NULL,NULL,''),(1100,'110031','2012-12-07','1.0358','1.0358','0.49',NULL,NULL,''),(1101,'110031','2012-12-06','1.0308','1.0308','0.32',NULL,NULL,''),(1102,'110031','2012-12-05','1.0275','1.0275','3.37',NULL,NULL,''),(1103,'110031','2012-12-04','0.994','0.994','-0.43',NULL,NULL,''),(1104,'110031','2012-12-03','0.9983','0.9983','-1.27',NULL,NULL,''),(1105,'110031','2012-11-30','1.0111','1.0111','1.02',NULL,NULL,''),(1106,'110031','2012-11-29','1.0009','1.0009','0.42',NULL,NULL,''),(1107,'110031','2012-11-28','0.9967','0.9967','-0.89',NULL,NULL,''),(1108,'110031','2012-11-27','1.0057','1.0057','-0.35',NULL,NULL,''),(1109,'110031','2012-11-26','1.0092','1.0092','-0.30',NULL,NULL,''),(1110,'110031','2012-11-23','1.0122','1.0122','0.85',NULL,NULL,''),(1111,'110031','2012-11-22','1.0037','1.0037','0.72',NULL,NULL,''),(1112,'110031','2012-11-21','0.9965','0.9965','1.34',NULL,NULL,''),(1113,'110031','2012-11-20','0.9833','0.9833','-0.33',NULL,NULL,''),(1114,'110031','2012-11-19','0.9866','0.9866','0.25',NULL,NULL,''),(1115,'110031','2012-11-16','0.9841','0.9841','0.22',NULL,NULL,''),(1116,'110031','2012-11-15','0.9819','0.9819','-0.94',NULL,NULL,''),(1117,'110031','2012-11-14','0.9912','0.9912','0.81',NULL,NULL,''),(1118,'110031','2012-11-13','0.9832','0.9832','-1.00',NULL,NULL,''),(1119,'110031','2012-11-12','0.9931','0.9931','-0.50',NULL,NULL,''),(1120,'110031','2012-11-08','0.9981','0.9981','-1.30',NULL,NULL,''),(1121,'110031','2012-11-07','1.0112','1.0112','0.27',NULL,NULL,''),(1122,'110031','2012-11-06','1.0085','1.0085','-0.27',NULL,NULL,''),(1123,'110031','2012-11-05','1.0112','1.0112','-0.43',NULL,NULL,''),(1124,'110031','2012-11-02','1.0156','1.0156','0.42',NULL,NULL,''),(1125,'110031','2012-11-01','1.0114','1.0114','0.51',NULL,NULL,''),(1126,'110031','2012-10-31','1.0063','1.0063','0.46',NULL,NULL,''),(1127,'110031','2012-10-30','1.0017','1.0017','-0.34',NULL,NULL,''),(1128,'110031','2012-10-29','1.0051','1.0051','0.38',NULL,NULL,''),(1129,'110031','2012-10-26','1.0013','1.0013','-0.65',NULL,NULL,''),(1130,'110031','2012-10-25','1.0078','1.0078','-0.08',NULL,NULL,''),(1131,'110031','2012-10-24','1.0086','1.0086','-0.28',NULL,NULL,''),(1132,'110031','2012-10-22','1.0114','1.0114','0.22',NULL,NULL,''),(1133,'110031','2012-10-19','1.0092','1.0092','0.09',NULL,NULL,''),(1134,'110031','2012-10-18','1.0083','1.0083','0.22',NULL,NULL,''),(1135,'110031','2012-10-17','1.0061','1.0061','0.07',NULL,NULL,''),(1136,'110031','2012-10-16','1.0054','1.0054','0.00',NULL,NULL,''),(1137,'110031','2012-10-15','1.0054','1.0054','-0.04',NULL,NULL,''),(1138,'110031','2012-10-12','1.0058','1.0058','0.09',NULL,NULL,''),(1139,'110031','2012-10-11','1.0049','1.0049','0.02',NULL,NULL,''),(1140,'110031','2012-10-10','1.0047','1.0047','0.13',NULL,NULL,''),(1141,'110031','2012-10-09','1.0034','1.0034','0.02',NULL,NULL,''),(1142,'110031','2012-10-08','1.0032','1.0032','0.07',NULL,NULL,''),(1143,'110031','2012-09-28','1.0025','1.0025','0.05',NULL,NULL,''),(1144,'110031','2012-09-21','1.002','1.002','0.05',NULL,NULL,''),(1145,'110031','2012-09-14','1.0015','1.0015','0.05',NULL,NULL,''),(1146,'110031','2012-09-07','1.001','1.001','0.05',NULL,NULL,''),(1147,'110031','2012-08-31','1.0005','1.0005','0.04',NULL,NULL,''),(1148,'110031','2012-08-24','1.0001','1.0001','0.01',NULL,NULL,''),(1149,'110031','2012-08-21','1','1','',NULL,NULL,''),(1150,'000961','2017-06-19','1.035','1.035','0.96',NULL,NULL,''),(1151,'000962','2017-06-19','0.9859','0.9859','0.70',NULL,NULL,''),(1152,'110031','2017-06-19','1.0886','1.0886','0.78',NULL,NULL,''),(1153,'160119','2017-06-19','1.4905','1.5905','0.70',NULL,NULL,''),(1154,'050002','2017-06-19','1.268','3.26','0.99',NULL,NULL,''),(1155,'000961','2017-06-20','1.033','1.033','-0.19',NULL,NULL,''),(1156,'000962','2017-06-20','0.9875','0.9875','0.16',NULL,NULL,''),(1157,'110031','2017-06-20','1.0853','1.0853','-0.30',NULL,NULL,''),(1158,'160119','2017-06-20','1.4929','1.5929','0.16',NULL,NULL,''),(1159,'050002','2017-06-20','1.2673','3.2593','-0.06',NULL,NULL,''),(1160,'000962','2017-06-21','0.9893','0.9893','0.18',NULL,NULL,''),(1161,'110031','2017-06-21','1.0821','1.0821','-0.29',NULL,NULL,''),(1162,'000961','2017-06-21','1.0447','1.0447','1.13',NULL,NULL,''),(1163,'160119','2017-06-21','1.4955','1.5955','0.17',NULL,NULL,''),(1164,'050002','2017-06-21','1.2786','3.2706','0.89',NULL,NULL,''),(1165,'000961','2017-06-22','1.0455','1.0455','0.08',NULL,NULL,''),(1166,'000962','2017-06-22','0.9763','0.9763','-1.31',NULL,NULL,''),(1167,'050002','2017-06-22','1.2777','3.2697','-0.07',NULL,NULL,''),(1168,'110031','2017-06-22','1.0887','1.0887','0.61',NULL,NULL,''),(1169,'160119','2017-06-22','1.476','1.576','-1.30',NULL,NULL,''),(1170,'000961','2017-06-23','1.0545','1.0545','0.86',NULL,NULL,''),(1171,'000962','2017-06-23','0.9791','0.9791','0.29',NULL,NULL,''),(1172,'050002','2017-06-23','1.2882','3.2802','0.82',NULL,NULL,''),(1173,'160119','2017-06-23','1.4798','1.5798','0.26',NULL,NULL,''),(1174,'110031','2017-06-23','1.0921','1.0921','0.31',NULL,NULL,''),(1175,'000961','2017-06-26','1.0673','1.0673','1.21',NULL,NULL,''),(1176,'000962','2017-06-26','0.9947','0.9947','1.59',NULL,NULL,''),(1177,'110031','2017-06-26','1.1031','1.1031','1.01',NULL,NULL,''),(1178,'160119','2017-06-26','1.5037','1.6037','1.62',NULL,NULL,''),(1179,'050002','2017-06-26','1.3082','3.3002','1.55',NULL,NULL,''),(1180,'000961','2017-06-27','1.0691','1.0691','0.17',NULL,NULL,''),(1181,'000962','2017-06-27','0.9951','0.9951','0.04',NULL,NULL,''),(1182,'110031','2017-06-27','1.1017','1.1017','-0.13',NULL,NULL,''),(1183,'160119','2017-06-27','1.5041','1.6041','0.03',NULL,NULL,''),(1184,'050002','2017-06-27','1.3117','3.3037','0.27',NULL,NULL,''),(1185,'000961','2017-06-28','1.0612','1.0612','-0.74',NULL,NULL,''),(1186,'000962','2017-06-28','0.991','0.991','-0.41',NULL,NULL,''),(1187,'050002','2017-06-28','1.3054','3.2974','-0.48',NULL,NULL,''),(1188,'110031','2017-06-28','1.0879','1.0879','-1.25',NULL,NULL,''),(1189,'160119','2017-06-28','1.4979','1.5979','-0.41',NULL,NULL,''),(1190,'000961','2017-06-29','1.0679','1.0679','0.63',NULL,NULL,''),(1191,'000962','2017-06-29','0.9959','0.9959','0.49',NULL,NULL,''),(1192,'050002','2017-06-29','1.3131','3.3051','0.59',NULL,NULL,''),(1193,'110031','2017-06-29','1.0908','1.0908','0.27',NULL,NULL,''),(1194,'160119','2017-06-29','1.5054','1.6054','0.50',NULL,NULL,''),(1195,'000962','2017-06-30','0.9992','0.9992','0.33',NULL,NULL,''),(1196,'160119','2017-06-30','1.5105','1.6105','0.34',NULL,NULL,''),(1197,'000961','2017-06-30','1.0671','1.0671','-0.07',NULL,NULL,''),(1198,'110031','2017-06-30','1.0803','1.0803','-0.96',NULL,NULL,''),(1199,'050002','2017-06-30','1.3144','3.3064','0.10',NULL,NULL,''),(1200,'000961','2017-07-03','1.0626','1.0626','-0.42',NULL,NULL,''),(1201,'050002','2017-07-03','1.311','3.303','-0.26',NULL,NULL,''),(1202,'000962','2017-07-03','1.0051','1.0051','0.59',NULL,NULL,''),(1203,'110031','2017-07-03','1.0892','1.0892','0.82',NULL,NULL,''),(1204,'160119','2017-07-03','1.5197','1.6197','0.61',NULL,NULL,''),(1205,'000961','2017-07-04','1.0542','1.0542','-0.79',NULL,NULL,''),(1206,'000962','2017-07-04','1.0004','1.0004','-0.47',NULL,NULL,''),(1207,'050002','2017-07-04','1.302','3.294','-0.69',NULL,NULL,''),(1208,'110031','2017-07-04','1.0795','1.0795','-0.89',NULL,NULL,''),(1209,'160119','2017-07-04','1.5125','1.6125','-0.47',NULL,NULL,''),(1210,'000961','2017-07-05','1.0663','1.0663','1.15',NULL,NULL,''),(1211,'000962','2017-07-05','1.0076','1.0076','0.72',NULL,NULL,''),(1212,'110031','2017-07-05','1.0895','1.0895','0.93',NULL,NULL,''),(1213,'050002','2017-07-05','1.318','3.31','1.23',NULL,NULL,''),(1214,'160119','2017-07-05','1.5234','1.6234','',NULL,NULL,''),(1215,'000961','2017-07-06','1.067','1.067','0.07',NULL,NULL,''),(1216,'000962','2017-07-06','1.0089','1.0089','0.13',NULL,NULL,''),(1217,'160119','2017-07-06','1.5254','1.6254','0.13',NULL,NULL,''),(1218,'050002','2017-07-06','1.3221','3.3141','0.31',NULL,NULL,''),(1219,'110031','2017-07-06','1.0909','1.0909','0.13',NULL,NULL,''),(1220,'000961','2017-07-07','1.0669','1.0669','-0.01',NULL,NULL,''),(1221,'000962','2017-07-07','1.013','1.013','0.41',NULL,NULL,''),(1222,'050002','2017-07-07','1.3246','3.3166','0.19',NULL,NULL,''),(1223,'160119','2017-07-07','1.5314','1.6314','0.39',NULL,NULL,''),(1224,'110031','2017-07-07','1.0808','1.0808','-0.93',NULL,NULL,''),(1225,'000961','2017-07-10','1.0668','1.0668','-0.01',NULL,NULL,''),(1226,'000962','2017-07-10','1.01','1.01','-0.30',NULL,NULL,''),(1227,'050002','2017-07-10','1.3274','3.3194','0.21',NULL,NULL,''),(1228,'110031','2017-07-10','1.0795','1.0795','-0.12',NULL,NULL,''),(1229,'160119','2017-07-10','1.5269','1.6269','-0.29',NULL,NULL,''),(1230,'000961','2017-07-11','1.0719','1.0719','0.48',NULL,NULL,''),(1231,'000962','2017-07-11','0.9985','0.9985','-1.14',NULL,NULL,''),(1232,'050002','2017-07-11','1.3324','3.3244','0.38',NULL,NULL,''),(1233,'110031','2017-07-11','1.1002','1.1002','1.92',NULL,NULL,''),(1234,'160119','2017-07-11','1.509','1.609','-1.17',NULL,NULL,''),(1235,'000961','2017-07-12','1.069','1.069','-0.27',NULL,NULL,''),(1236,'000962','2017-07-12','0.9992','0.9992','0.07',NULL,NULL,''),(1237,'050002','2017-07-12','1.3295','3.3215','-0.22',NULL,NULL,''),(1238,'160119','2017-07-12','1.5097','1.6097','0.05',NULL,NULL,''),(1239,'110031','2017-07-12','1.1081','1.1081','0.72',NULL,NULL,''),(1240,'000961','2017-07-13','1.0774','1.0774','0.79',NULL,NULL,''),(1241,'000962','2017-07-13','1.002','1.002','0.28',NULL,NULL,''),(1242,'050002','2017-07-13','1.3374','3.3294','0.59',NULL,NULL,''),(1243,'110031','2017-07-13','1.1227','1.1227','1.32',NULL,NULL,''),(1244,'160119','2017-07-13','1.5139','1.6139','0.28',NULL,NULL,''),(1245,'000961','2017-07-14','1.083','1.083','0.52',NULL,NULL,''),(1246,'000962','2017-07-14','0.9988','0.9988','-0.32',NULL,NULL,''),(1247,'050002','2017-07-14','1.3465','3.3385','0.68',NULL,NULL,''),(1248,'110031','2017-07-14','1.1271','1.1271','0.39',NULL,NULL,''),(1249,'160119','2017-07-14','1.5093','1.6093','-0.30',NULL,NULL,''),(1250,'000961','2017-07-21','1.0911','1.0911','-0.45',NULL,NULL,''),(1251,'000961','2017-07-20','1.096','1.096','0.47',NULL,NULL,''),(1252,'000961','2017-07-19','1.0909','1.0909','1.63',NULL,NULL,''),(1253,'000961','2017-07-18','1.0734','1.0734','0.19',NULL,NULL,''),(1254,'000961','2017-07-17','1.0714','1.0714','-1.07',NULL,NULL,''),(1255,'000962','2017-07-21','0.9978','0.9978','0.44',NULL,NULL,''),(1256,'000962','2017-07-20','0.9934','0.9934','0.63',NULL,NULL,''),(1257,'000962','2017-07-19','0.9872','0.9872','1.92',NULL,NULL,''),(1258,'000962','2017-07-18','0.9686','0.9686','0.99',NULL,NULL,''),(1259,'000962','2017-07-17','0.9591','0.9591','-3.97',NULL,NULL,''),(1260,'050002','2017-07-21','1.3553','3.3473','-0.48',NULL,NULL,''),(1261,'050002','2017-07-20','1.3618','3.3538','0.38',NULL,NULL,''),(1262,'050002','2017-07-19','1.3566','3.3486','1.66',NULL,NULL,''),(1263,'050002','2017-07-18','1.3345','3.3265','0.08',NULL,NULL,''),(1264,'050002','2017-07-17','1.3335','3.3255','-0.97',NULL,NULL,''),(1265,'110031','2017-07-21','1.1266','1.1266','-0.61',NULL,NULL,''),(1266,'110031','2017-07-20','1.1335','1.1335','-0.13',NULL,NULL,''),(1267,'110031','2017-07-19','1.135','1.135','0.64',NULL,NULL,''),(1268,'110031','2017-07-18','1.1278','1.1278','-0.14',NULL,NULL,''),(1269,'110031','2017-07-17','1.1294','1.1294','0.20',NULL,NULL,''),(1270,'160119','2017-07-21','1.5094','1.6094','0.45',NULL,NULL,''),(1271,'160119','2017-07-20','1.5026','1.6026','0.63',NULL,NULL,''),(1272,'160119','2017-07-19','1.4932','1.5932','1.95',NULL,NULL,''),(1273,'160119','2017-07-18','1.4647','1.5647','0.97',NULL,NULL,''),(1274,'160119','2017-07-17','1.4506','1.5506','-3.89',NULL,NULL,''),(1275,'000961','2017-07-24','1.0953','1.0953','0.38',NULL,NULL,''),(1276,'000962','2017-07-24','1.0041','1.0041','0.63',NULL,NULL,''),(1277,'110031','2017-07-24','1.1308','1.1308','0.37',NULL,NULL,''),(1278,'160119','2017-07-24','1.5191','1.6191','0.64',NULL,NULL,''),(1279,'050002','2017-07-24','1.3594','3.3514','0.30',NULL,NULL,''),(1280,'000962','2017-07-25','1.002','1.002','-0.21',NULL,NULL,''),(1281,'000961','2017-07-25','1.0888','1.0888','-0.59',NULL,NULL,''),(1282,'110031','2017-07-25','1.1286','1.1286','-0.19',NULL,NULL,''),(1283,'160119','2017-07-25','1.5157','1.6157','-0.22',NULL,NULL,''),(1284,'050002','2017-07-25','1.3523','3.3443','-0.52',NULL,NULL,''),(1285,'000961','2017-07-26','1.085','1.085','-0.35',NULL,NULL,''),(1286,'000962','2017-07-26','1.001','1.001','-0.10',NULL,NULL,''),(1287,'110031','2017-07-26','1.1337','1.1337','0.45',NULL,NULL,''),(1288,'050002','2017-07-26','1.3477','3.3397','-0.34',NULL,NULL,''),(1289,'160119','2017-07-26','1.5142','1.6142','-0.10',NULL,NULL,''),(1290,'000961','2017-07-27','1.0874','1.0874','0.22',NULL,NULL,''),(1291,'000962','2017-07-27','1.0068','1.0068','0.58',NULL,NULL,''),(1292,'050002','2017-07-27','1.344','3.336','-0.27',NULL,NULL,''),(1293,'110031','2017-07-27','1.1325','1.1325','-0.11',NULL,NULL,''),(1294,'160119','2017-07-27','1.5234','1.6234','0.61',NULL,NULL,''),(1295,'000961','2017-07-28','1.0901','1.0901','0.25',NULL,NULL,''),(1296,'000962','2017-07-28','1.0117','1.0117','0.49',NULL,NULL,''),(1297,'110031','2017-07-28','1.1239','1.1239','-0.76',NULL,NULL,''),(1298,'050002','2017-07-28','1.3494','3.3414','0.40',NULL,NULL,''),(1299,'160119','2017-07-28','1.531','1.631','0.50',NULL,NULL,''),(1300,'000961','2017-07-31','1.0944','1.0944','0.39',NULL,NULL,''),(1301,'110031','2017-07-31','1.1291','1.1291','0.46',NULL,NULL,''),(1302,'000962','2017-07-31','1.0245','1.0245','1.27',NULL,NULL,''),(1303,'050002','2017-07-31','1.3587','3.3507','0.69',NULL,NULL,''),(1304,'160119','2017-07-31','1.5503','1.6503','1.26',NULL,NULL,''),(1305,'000961','2017-08-01','1.1036','1.1036','0.84',NULL,NULL,''),(1306,'050002','2017-08-01','1.3682','3.3602','0.70',NULL,NULL,''),(1307,'110031','2017-08-01','1.1454','1.1454','1.44',NULL,NULL,''),(1308,'000962','2017-08-01','1.023','1.023','-0.15',NULL,NULL,''),(1309,'160119','2017-08-01','1.5476','1.6476','-0.17',NULL,NULL,''),(1310,'000961','2017-08-02','1.1011','1.1011','-0.23',NULL,NULL,''),(1311,'000962','2017-08-02','1.0168','1.0168','-0.61',NULL,NULL,''),(1312,'110031','2017-08-02','1.1496','1.1496','0.37',NULL,NULL,''),(1313,'050002','2017-08-02','1.3652','3.3572','-0.22',NULL,NULL,''),(1314,'160119','2017-08-02','1.5396','1.6396','-0.52',NULL,NULL,''),(1315,'000961','2017-08-03','1.0921','1.0921','-0.82',NULL,NULL,''),(1316,'000962','2017-08-03','1.0185','1.0185','0.17',NULL,NULL,''),(1317,'050002','2017-08-03','1.3544','3.3464','-0.79',NULL,NULL,''),(1318,'110031','2017-08-03','1.1437','1.1437','-0.51',NULL,NULL,''),(1319,'160119','2017-08-03','1.542','1.642','0.16',NULL,NULL,''),(1320,'000961','2017-08-04','1.0867','1.0867','-0.49',NULL,NULL,''),(1321,'000962','2017-08-04','1.013','1.013','-0.54',NULL,NULL,''),(1322,'050002','2017-08-04','1.3486','3.3406','-0.43',NULL,NULL,''),(1323,'160119','2017-08-04','1.5335','1.6335','-0.55',NULL,NULL,''),(1324,'110031','2017-08-04','1.1428','1.1428','-0.08',NULL,NULL,''),(1325,'000962','2017-08-07','1.025','1.025','1.18',NULL,NULL,''),(1326,'000961','2017-08-07','1.0921','1.0921','0.50',NULL,NULL,''),(1327,'050002','2017-08-07','1.354','3.346','0.40',NULL,NULL,''),(1328,'160119','2017-08-07','1.5515','1.6515','1.17',NULL,NULL,''),(1329,'110031','2017-08-07','1.1497','1.1497','0.60',NULL,NULL,''),(1330,'000961','2017-08-08','1.094','1.094','0.17',NULL,NULL,''),(1331,'000962','2017-08-08','1.0251','1.0251','0.01',NULL,NULL,''),(1332,'050002','2017-08-08','1.3543','3.3463','0.02',NULL,NULL,''),(1333,'110031','2017-08-08','1.1509','1.1509','',NULL,NULL,''),(1334,'160119','2017-08-08','1.5515','1.6515','0.00',NULL,NULL,''),(1335,'000962','2017-08-09','1.0307','1.0307','0.55',NULL,NULL,''),(1336,'160119','2017-08-09','1.5602','1.6602','0.56',NULL,NULL,''),(1337,'000961','2017-08-09','1.0938','1.0938','-0.02',NULL,NULL,''),(1338,'050002','2017-08-09','1.355','3.347','0.05',NULL,NULL,''),(1339,'110031','2017-08-09','1.1372','1.1372','-1.19',NULL,NULL,''),(1340,'000961','2017-08-10','1.0895','1.0895','-0.39',NULL,NULL,''),(1341,'000962','2017-08-10','1.0234','1.0234','-0.71',NULL,NULL,''),(1342,'160119','2017-08-10','1.5482','1.6482','-0.77',NULL,NULL,''),(1343,'110031','2017-08-10','1.1165','1.1165','-1.82',NULL,NULL,''),(1344,'050002','2017-08-10','1.3473','3.3393','-0.57',NULL,NULL,''),(1345,'000961','2017-08-11','1.0706','1.0706','-1.73',NULL,NULL,''),(1346,'000962','2017-08-11','1.0043','1.0043','-1.87',NULL,NULL,''),(1347,'050002','2017-08-11','1.3234','3.3154','-1.77',NULL,NULL,''),(1348,'110031','2017-08-11','1.0942','1.0942','-2.00',NULL,NULL,''),(1349,'160119','2017-08-11','1.5184','1.6184','-1.92',NULL,NULL,''),(1350,'110031','2017-08-14','1.1063','1.1063','1.11',NULL,NULL,''),(1351,'000961','2017-08-14','1.0836','1.0836','1.21',NULL,NULL,''),(1352,'000962','2017-08-14','1.0241','1.0241','1.97',NULL,NULL,''),(1353,'160119','2017-08-14','1.549','1.649','2.02',NULL,NULL,''),(1354,'050002','2017-08-14','1.3366','3.3286','1.00',NULL,NULL,''),(1355,'050002','2017-08-15','1.3396','3.3316','0.22',NULL,NULL,''),(1356,'000961','2017-08-15','1.0866','1.0866','0.28',NULL,NULL,''),(1357,'000962','2017-08-15','1.0274','1.0274','0.32',NULL,NULL,''),(1358,'110031','2017-08-15','1.1103','1.1103','0.36',NULL,NULL,''),(1359,'160119','2017-08-15','1.5541','1.6541','0.33',NULL,NULL,''),(1360,'050002','2017-08-16','1.3375','3.3295','-0.16',NULL,NULL,''),(1361,'110031','2017-08-16','1.119','1.119','0.78',NULL,NULL,''),(1362,'160119','2017-08-16','1.5552','1.6552','0.07',NULL,NULL,''),(1363,'000961','2017-08-16','1.0855','1.0855','-0.10',NULL,NULL,''),(1364,'000962','2017-08-16','1.0281','1.0281','0.07',NULL,NULL,''),(1365,'050002','2017-08-17','1.3449','3.3369','0.55',NULL,NULL,''),(1366,'110031','2017-08-17','1.1166','1.1166','-0.21',NULL,NULL,''),(1367,'160119','2017-08-17','1.5664','1.6664','0.72',NULL,NULL,''),(1368,'000961','2017-08-17','1.0911','1.0911','0.52',NULL,NULL,''),(1369,'000962','2017-08-17','1.0354','1.0354','0.71',NULL,NULL,''),(1370,'000961','2017-08-18','1.0923','1.0923','0.11',NULL,NULL,''),(1371,'000962','2017-08-18','1.0325','1.0325','-0.28',NULL,NULL,''),(1372,'050002','2017-08-18','1.3456','3.3376','0.05',NULL,NULL,''),(1373,'110031','2017-08-18','1.1068','1.1068','-0.88',NULL,NULL,''),(1374,'160119','2017-08-18','1.562','1.662','-0.28',NULL,NULL,''),(1375,'000961','2017-08-21','1.0969','1.0969','0.42',NULL,NULL,''),(1376,'000962','2017-08-21','1.0412','1.0412','0.84',NULL,NULL,''),(1377,'110031','2017-08-21','1.1116','1.1116','0.43',NULL,NULL,''),(1378,'160119','2017-08-21','1.5752','1.6752','0.85',NULL,NULL,''),(1379,'050002','2017-08-21','1.3522','3.3442','0.49',NULL,NULL,''),(1380,'000961','2017-08-22','1.1001','1.1001','0.29',NULL,NULL,''),(1381,'050002','2017-08-22','1.3555','3.3475','0.24',NULL,NULL,''),(1382,'000962','2017-08-22','1.0369','1.0369','-0.41',NULL,NULL,''),(1383,'110031','2017-08-22','1.1287','1.1287','1.54',NULL,NULL,''),(1384,'160119','2017-08-22','1.5686','1.6686','-0.42',NULL,NULL,''),(1385,'000961','2017-08-23','1.1012','1.1012','0.10',NULL,NULL,''),(1386,'000962','2017-08-23','1.0287','1.0287','-0.79',NULL,NULL,''),(1387,'160119','2017-08-23','1.5563','1.6563','-0.78',NULL,NULL,''),(1388,'050002','2017-08-23','1.3543','3.3463','-0.09',NULL,NULL,''),(1389,'000961','2017-08-24','1.095','1.095','-0.56',NULL,NULL,''),(1390,'000962','2017-08-24','1.022','1.022','-0.65',NULL,NULL,''),(1391,'050002','2017-08-24','1.3471','3.3391','-0.53',NULL,NULL,''),(1392,'110031','2017-08-24','1.1362','1.1362','',NULL,NULL,''),(1393,'160119','2017-08-24','1.546','1.646','-0.66',NULL,NULL,''),(1394,'000961','2017-08-25','1.1122','1.1122','1.57',NULL,NULL,''),(1395,'000962','2017-08-25','1.0325','1.0325','1.03',NULL,NULL,''),(1396,'050002','2017-08-25','1.3702','3.3622','1.71',NULL,NULL,''),(1397,'110031','2017-08-25','1.1593','1.1593','2.03',NULL,NULL,''),(1398,'160119','2017-08-25','1.5621','1.6621','1.04',NULL,NULL,''),(4683,'340001','2017-08-25','1.0733','3.6293','0.73',NULL,NULL,''),(4684,'340001','2017-08-24','1.0655','3.6215','-0.36',NULL,NULL,''),(4685,'340001','2017-08-23','1.0693','3.6253','-0.04',NULL,NULL,''),(4686,'340001','2017-08-22','1.0697','3.6257','0.15',NULL,NULL,''),(4687,'340001','2017-08-21','1.0681','3.6241','0.19',NULL,NULL,''),(4688,'340001','2017-08-18','1.0661','3.6221','0.16',NULL,NULL,''),(4689,'340001','2017-08-17','1.0644','3.6204','0.02',NULL,NULL,''),(4690,'340001','2017-08-16','1.0642','3.6202','-0.13',NULL,NULL,''),(4691,'340001','2017-08-15','1.0656','3.6216','0.01',NULL,NULL,''),(4692,'340001','2017-08-14','1.0655','3.6215','0.71',NULL,NULL,''),(4693,'340001','2017-08-11','1.058','3.614','-0.81',NULL,NULL,''),(4694,'340001','2017-08-10','1.0666','3.6226','-0.22',NULL,NULL,''),(4695,'340001','2017-08-09','1.0689','3.6249','-0.07',NULL,NULL,''),(4696,'340001','2017-08-08','1.0696','3.6256','-0.01',NULL,NULL,''),(4697,'340001','2017-08-07','1.0697','3.6257','0.21',NULL,NULL,''),(4698,'340001','2017-08-04','1.0675','3.6235','-0.24',NULL,NULL,''),(4699,'340001','2017-08-03','1.0701','3.6261','-0.25',NULL,NULL,''),(4700,'340001','2017-08-02','1.0728','3.6288','0.08',NULL,NULL,''),(4701,'340001','2017-08-01','1.0719','3.6279','0.53',NULL,NULL,''),(4702,'340001','2017-07-31','1.0662','3.6222','0.34',NULL,NULL,''),(4703,'340001','2017-07-28','1.0626','3.6186','0.20',NULL,NULL,''),(4704,'340001','2017-07-27','1.0605','3.6165','0.14',NULL,NULL,''),(4705,'340001','2017-07-26','1.059','3.615','-0.18',NULL,NULL,''),(4706,'340001','2017-07-25','1.0609','3.6169','-0.73',NULL,NULL,''),(4707,'340001','2017-07-24','1.0687','3.6247','0.21',NULL,NULL,''),(4708,'340001','2017-07-21','1.0665','3.6225','0.08',NULL,NULL,''),(4709,'340001','2017-07-20','1.0657','3.6217','0.51',NULL,NULL,''),(4710,'340001','2017-07-19','1.0603','3.6163','0.83',NULL,NULL,''),(4711,'340001','2017-07-18','1.0516','3.6076','-0.32',NULL,NULL,''),(4712,'340001','2017-07-17','1.055','3.611','-0.69',NULL,NULL,''),(4713,'340001','2017-07-14','1.0623','3.6183','0.41',NULL,NULL,''),(4714,'340001','2017-07-13','1.058','3.614','0.01',NULL,NULL,''),(4715,'340001','2017-07-12','1.0579','3.6139','-0.03',NULL,NULL,''),(4716,'340001','2017-07-11','1.0582','3.6142','-0.25',NULL,NULL,''),(4717,'340001','2017-07-10','1.0609','3.6169','-0.15',NULL,NULL,''),(4718,'340001','2017-07-07','1.0625','3.6185','0.01',NULL,NULL,''),(4719,'340001','2017-07-06','1.0624','3.6184','-0.21',NULL,NULL,''),(4720,'340001','2017-07-05','1.0646','3.6206','0.65',NULL,NULL,''),(4721,'340001','2017-07-04','1.0577','3.6137','-0.23',NULL,NULL,''),(4722,'340001','2017-07-03','1.0601','3.6161','-0.05',NULL,NULL,''),(4723,'340001','2017-06-30','1.0606','3.6166','-0.09',NULL,NULL,''),(4724,'340001','2017-06-29','1.0616','3.6176','0.03',NULL,NULL,''),(4725,'340001','2017-06-28','1.0613','3.6173','-0.59',NULL,NULL,''),(4726,'340001','2017-06-27','1.0676','3.6236','0.29',NULL,NULL,''),(4727,'340001','2017-06-26','1.0645','3.6205','1.12',NULL,NULL,''),(4728,'340001','2017-06-23','1.0527','3.6087','0.32',NULL,NULL,''),(4729,'340001','2017-06-22','1.0493','3.6053','-0.27',NULL,NULL,''),(4730,'340001','2017-06-21','1.0521','3.6081','0.69',NULL,NULL,''),(4731,'340001','2017-06-20','1.0449','3.6009','0.27',NULL,NULL,''),(4732,'340001','2017-06-19','1.0421','3.5981','0.68',NULL,NULL,''),(4733,'340001','2017-06-16','1.0351','3.5911','-0.05',NULL,NULL,''),(4734,'340001','2017-06-15','1.0356','3.5916','0.11',NULL,NULL,''),(4735,'340001','2017-06-14','1.0345','3.5905','-0.60',NULL,NULL,''),(4736,'340001','2017-06-13','1.0407','3.5967','0.40',NULL,NULL,''),(4737,'340001','2017-06-12','1.0366','3.5926','0.03',NULL,NULL,''),(4738,'340001','2017-06-09','1.0363','3.5923','0.71',NULL,NULL,''),(4739,'340001','2017-06-08','1.029','3.585','0.51',NULL,NULL,''),(4740,'340001','2017-06-07','1.0238','3.5798','0.88',NULL,NULL,''),(4741,'340001','2017-06-06','1.0149','3.5709','0.38',NULL,NULL,''),(4742,'340001','2017-06-05','1.0111','3.5671','0.11',NULL,NULL,''),(4743,'340001','2017-06-02','1.01','3.566','-0.30',NULL,NULL,''),(4744,'340001','2017-06-01','1.013','3.569','-0.25',NULL,NULL,''),(4745,'340001','2017-05-31','1.0155','3.5715','0.05',NULL,NULL,''),(4746,'340001','2017-05-26','1.015','3.571','0.09',NULL,NULL,''),(4747,'340001','2017-05-25','1.0141','3.5701','0.66',NULL,NULL,''),(4748,'340001','2017-05-24','1.0075','3.5635','0.10',NULL,NULL,''),(4749,'340001','2017-05-23','1.0065','3.5625','-0.39',NULL,NULL,''),(4750,'340001','2017-05-22','1.0104','3.5664','-0.30',NULL,NULL,''),(4751,'340001','2017-05-19','1.0134','3.5694','-0.02',NULL,NULL,''),(4752,'340001','2017-05-18','1.0136','3.5696','-0.03',NULL,NULL,''),(4753,'340001','2017-05-17','1.0139','3.5699','0.08',NULL,NULL,''),(4754,'340001','2017-05-16','1.0131','3.5691','0.55',NULL,NULL,''),(4755,'340001','2017-05-15','1.0076','3.5636','0.13',NULL,NULL,''),(4756,'340001','2017-05-12','1.0063','3.5623','0.21',NULL,NULL,''),(4757,'340001','2017-05-11','1.0042','3.5602','-0.28',NULL,NULL,''),(4758,'340001','2017-05-10','1.007','3.563','-0.47',NULL,NULL,''),(4759,'340001','2017-05-09','1.0118','3.5678','-0.06',NULL,NULL,''),(4760,'340001','2017-05-08','1.0124','3.5684','-0.65',NULL,NULL,''),(4761,'340001','2017-05-05','1.019','3.575','-0.25',NULL,NULL,''),(4762,'340001','2017-05-04','1.0216','3.5776','-0.08',NULL,NULL,''),(4763,'340001','2017-05-03','1.0224','3.5784','-0.07',NULL,NULL,''),(4764,'340001','2017-05-02','1.0231','3.5791','-0.11',NULL,NULL,''),(4765,'340001','2017-04-28','1.0242','3.5802','0.15',NULL,NULL,''),(4766,'340001','2017-04-27','1.0227','3.5787','0.05',NULL,NULL,''),(4767,'340001','2017-04-26','1.0222','3.5782','0.43',NULL,NULL,''),(4768,'340001','2017-04-25','1.0178','3.5738','0.27',NULL,NULL,''),(4769,'340001','2017-04-24','1.0151','3.5711','-0.81',NULL,NULL,''),(4770,'340001','2017-04-21','1.0234','3.5794','-0.13',NULL,NULL,''),(4771,'340001','2017-04-20','1.0247','3.5807','0.08',NULL,NULL,''),(4772,'340001','2017-04-19','1.0239','3.5799','-0.06',NULL,NULL,''),(4773,'340001','2017-04-18','1.0245','3.5805','-0.10',NULL,NULL,''),(4774,'340001','2017-04-17','1.0255','3.5815','-0.54',NULL,NULL,''),(4775,'340001','2017-04-14','1.0311','3.5871','-0.37',NULL,NULL,''),(4776,'340001','2017-04-13','1.0349','3.5909','-0.10',NULL,NULL,''),(4777,'340001','2017-04-12','1.0359','3.5919','-0.18',NULL,NULL,''),(4778,'340001','2017-04-11','1.0378','3.5938','-0.07',NULL,NULL,''),(4779,'340001','2017-04-10','1.0385','3.5945','-0.49',NULL,NULL,''),(4780,'340001','2017-04-07','1.0436','3.5996','-0.14',NULL,NULL,''),(4781,'340001','2017-04-06','1.0451','3.6011','-0.03',NULL,NULL,''),(4782,'340001','2017-04-05','1.0454','3.6014','0.49',NULL,NULL,''),(4783,'340001','2017-03-31','1.0403','3.5963','-0.05',NULL,NULL,''),(4784,'340001','2017-03-30','1.0408','3.5968','-0.44',NULL,NULL,'分红'),(4785,'340001','2017-03-29','1.0665','3.6015','-0.22',NULL,NULL,''),(4786,'340001','2017-03-28','1.0688','3.6038','-0.13',NULL,NULL,''),(4787,'340001','2017-03-27','1.0702','3.6052','0.03',NULL,NULL,''),(4788,'340001','2017-03-24','1.0699','3.6049','0.27',NULL,NULL,''),(4789,'340001','2017-03-23','1.067','3.602','0.05',NULL,NULL,''),(4790,'340001','2017-03-22','1.0665','3.6015','-0.12',NULL,NULL,''),(4791,'340001','2017-03-21','1.0678','3.6028','0.18',NULL,NULL,''),(4792,'340001','2017-03-20','1.0659','3.6009','-0.13',NULL,NULL,''),(4793,'340001','2017-03-17','1.0673','3.6023','-0.22',NULL,NULL,''),(4794,'340001','2017-03-16','1.0696','3.6046','-0.01',NULL,NULL,''),(4795,'340001','2017-03-15','1.0697','3.6047','-0.22',NULL,NULL,''),(4796,'340001','2017-03-14','1.0721','3.6071','-0.17',NULL,NULL,''),(4797,'340001','2017-03-13','1.0739','3.6089','0.07',NULL,NULL,''),(4798,'340001','2017-03-10','1.0732','3.6082','-0.02',NULL,NULL,''),(4799,'340001','2017-03-09','1.0734','3.6084','-0.26',NULL,NULL,''),(4800,'340001','2017-03-08','1.0762','3.6112','-0.09',NULL,NULL,''),(4801,'340001','2017-03-07','1.0772','3.6122','0.28',NULL,NULL,''),(4802,'340001','2017-03-06','1.0742','3.6092','0.26',NULL,NULL,''),(4803,'340001','2017-03-03','1.0714','3.6064','0.02',NULL,NULL,''),(4804,'340001','2017-03-02','1.0712','3.6062','-0.14',NULL,NULL,''),(4805,'340001','2017-03-01','1.0727','3.6077','-0.07',NULL,NULL,''),(4806,'340001','2017-02-28','1.0734','3.6084','0.06',NULL,NULL,''),(4807,'340001','2017-02-27','1.0728','3.6078','-0.06',NULL,NULL,''),(4808,'340001','2017-02-24','1.0734','3.6084','-0.09',NULL,NULL,''),(4809,'340001','2017-02-23','1.0744','3.6094','0.08',NULL,NULL,''),(4810,'340001','2017-02-22','1.0735','3.6085','0.13',NULL,NULL,''),(4811,'340001','2017-02-21','1.0721','3.6071','0.45',NULL,NULL,''),(4812,'340001','2017-02-20','1.0673','3.6023','0.47',NULL,NULL,''),(4813,'340001','2017-02-17','1.0623','3.5973','-0.43',NULL,NULL,''),(4814,'340001','2017-02-16','1.0669','3.6019','0.29',NULL,NULL,''),(4815,'340001','2017-02-15','1.0638','3.5988','-0.27',NULL,NULL,''),(4816,'340001','2017-02-14','1.0667','3.6017','-0.03',NULL,NULL,''),(4817,'340001','2017-02-13','1.067','3.602','0.37',NULL,NULL,''),(4818,'340001','2017-02-10','1.0631','3.5981','0.14',NULL,NULL,''),(4819,'340001','2017-02-09','1.0616','3.5966','0.13',NULL,NULL,''),(4820,'340001','2017-02-08','1.0602','3.5952','0.34',NULL,NULL,''),(4821,'340001','2017-02-07','1.0566','3.5916','0.12',NULL,NULL,''),(4822,'340001','2017-02-06','1.0553','3.5903','0.14',NULL,NULL,''),(4823,'340001','2017-02-03','1.0538','3.5888','-0.39',NULL,NULL,''),(4824,'340001','2017-01-26','1.0579','3.5929','0.27',NULL,NULL,''),(4825,'340001','2017-01-25','1.055','3.59','0.25',NULL,NULL,''),(4826,'340001','2017-01-24','1.0524','3.5874','-0.10',NULL,NULL,''),(4827,'340001','2017-01-23','1.0535','3.5885','0.29',NULL,NULL,''),(4828,'340001','2017-01-20','1.0505','3.5855','0.58',NULL,NULL,''),(4829,'340001','2017-01-19','1.0444','3.5794','-0.31',NULL,NULL,''),(4830,'340001','2017-01-18','1.0476','3.5826','-0.25',NULL,NULL,''),(4831,'340001','2017-01-17','1.0502','3.5852','0.31',NULL,NULL,''),(4832,'340001','2017-01-16','1.047','3.582','-0.75',NULL,NULL,''),(4833,'340001','2017-01-13','1.0549','3.5899','-0.42',NULL,NULL,''),(4834,'340001','2017-01-12','1.0593','3.5943','-0.28',NULL,NULL,''),(4835,'340001','2017-01-11','1.0623','3.5973','-0.28',NULL,NULL,''),(4836,'340001','2017-01-10','1.0653','3.6003','-0.13',NULL,NULL,''),(4837,'340001','2017-01-09','1.0667','3.6017','0.26',NULL,NULL,''),(4838,'340001','2017-01-06','1.0639','3.5989','-0.38',NULL,NULL,''),(4839,'340001','2017-01-05','1.068','3.603','0.05',NULL,NULL,''),(4840,'340001','2017-01-04','1.0675','3.6025','0.36',NULL,NULL,''),(4841,'340001','2017-01-03','1.0637','3.5987','0.12',NULL,NULL,''),(4842,'340001','2016-12-31','1.0624','3.5974','0.00',NULL,NULL,''),(4843,'340001','2016-12-30','1.0624','3.5974','0.33',NULL,NULL,''),(4844,'340001','2016-12-29','1.0589','3.5939','0.13',NULL,NULL,''),(4845,'340001','2016-12-28','1.0575','3.5925','-0.13',NULL,NULL,''),(4846,'340001','2016-12-27','1.0589','3.5939','0.04',NULL,NULL,''),(4847,'340001','2016-12-26','1.0585','3.5935','0.23',NULL,NULL,''),(4848,'340001','2016-12-23','1.0561','3.5911','-0.26',NULL,NULL,''),(4849,'340001','2016-12-22','1.0589','3.5939','0.30',NULL,NULL,''),(4850,'340001','2016-12-21','1.0557','3.5907','0.94',NULL,NULL,''),(4851,'340001','2016-12-20','1.0459','3.5809','-0.01',NULL,NULL,''),(4852,'340001','2016-12-19','1.046','3.581','-0.52',NULL,NULL,''),(4853,'340001','2016-12-16','1.0515','3.5865','0.59',NULL,NULL,''),(4854,'340001','2016-12-15','1.0453','3.5803','-0.70',NULL,NULL,''),(4855,'340001','2016-12-14','1.0527','3.5877','-0.30',NULL,NULL,''),(4856,'340001','2016-12-13','1.0559','3.5909','-0.07',NULL,NULL,''),(4857,'340001','2016-12-12','1.0566','3.5916','-1.58',NULL,NULL,''),(4858,'340001','2016-12-09','1.0736','3.6086','0.02',NULL,NULL,''),(4859,'340001','2016-12-08','1.0734','3.6084','0.02',NULL,NULL,''),(4860,'340001','2016-12-07','1.0732','3.6082','0.52',NULL,NULL,''),(4861,'340001','2016-12-06','1.0676','3.6026','-0.18',NULL,NULL,''),(4862,'340001','2016-12-05','1.0695','3.6045','-0.79',NULL,NULL,''),(4863,'340001','2016-12-02','1.078','3.613','-0.52',NULL,NULL,''),(4864,'340001','2016-12-01','1.0836','3.6186','-0.10',NULL,NULL,''),(4865,'340001','2016-11-30','1.0847','3.6197','-0.38',NULL,NULL,''),(4866,'340001','2016-11-29','1.0888','3.6238','-0.23',NULL,NULL,''),(4867,'340001','2016-11-28','1.0913','3.6263','0.18',NULL,NULL,''),(4868,'340001','2016-11-25','1.0893','3.6243','0.01',NULL,NULL,''),(4869,'340001','2016-11-24','1.0892','3.6242','0.02',NULL,NULL,''),(4870,'340001','2016-11-23','1.089','3.624','0.04',NULL,NULL,''),(4871,'340001','2016-11-22','1.0886','3.6236','0.28',NULL,NULL,''),(4872,'340001','2016-11-21','1.0856','3.6206','0.09',NULL,NULL,''),(4873,'340001','2016-11-18','1.0846','3.6196','0.00',NULL,NULL,''),(4874,'340001','2016-11-17','1.0846','3.6196','-0.11',NULL,NULL,''),(4875,'340001','2016-11-16','1.0858','3.6208','0.03',NULL,NULL,''),(4876,'340001','2016-11-15','1.0855','3.6205','-0.09',NULL,NULL,''),(4877,'340001','2016-11-14','1.0865','3.6215','0.03',NULL,NULL,''),(4878,'340001','2016-11-11','1.0862','3.6212','0.25',NULL,NULL,''),(4879,'340001','2016-11-10','1.0835','3.6185','0.41',NULL,NULL,''),(4880,'340001','2016-11-09','1.0791','3.6141','-0.15',NULL,NULL,''),(4881,'340001','2016-11-08','1.0807','3.6157','0.19',NULL,NULL,''),(4882,'340001','2016-11-07','1.0787','3.6137','0.15',NULL,NULL,''),(4883,'340001','2016-11-04','1.0771','3.6121','-0.04',NULL,NULL,''),(4884,'340001','2016-11-03','1.0775','3.6125','0.14',NULL,NULL,''),(4885,'340001','2016-11-02','1.076','3.611','-0.11',NULL,NULL,''),(4886,'340001','2016-11-01','1.0772','3.6122','0.26',NULL,NULL,''),(4887,'340001','2016-10-31','1.0744','3.6094','-0.23',NULL,NULL,''),(4888,'340001','2016-10-28','1.0769','3.6119','0.11',NULL,NULL,''),(4889,'340001','2016-10-27','1.0757','3.6107','-0.07',NULL,NULL,''),(4890,'340001','2016-10-26','1.0764','3.6114','-0.11',NULL,NULL,''),(4891,'340001','2016-10-25','1.0776','3.6126','0.01',NULL,NULL,''),(4892,'340001','2016-10-24','1.0775','3.6125','0.14',NULL,NULL,''),(4893,'340001','2016-10-21','1.076','3.611','0.09',NULL,NULL,''),(4894,'340001','2016-10-20','1.075','3.61','0.28',NULL,NULL,''),(4895,'340001','2016-10-19','1.072','3.607','-0.02',NULL,NULL,''),(4896,'340001','2016-10-18','1.0722','3.6072','0.44',NULL,NULL,''),(4897,'340001','2016-10-17','1.0675','3.6025','-0.16',NULL,NULL,''),(4898,'340001','2016-10-14','1.0692','3.6042','0.03',NULL,NULL,''),(4899,'340001','2016-10-13','1.0689','3.6039','-0.06',NULL,NULL,''),(4900,'340001','2016-10-12','1.0695','3.6045','-0.03',NULL,NULL,''),(4901,'340001','2016-10-11','1.0698','3.6048','0.12',NULL,NULL,''),(4902,'340001','2016-10-10','1.0685','3.6035','0.36',NULL,NULL,''),(4903,'340001','2016-09-30','1.0647','3.5997','0.12',NULL,NULL,''),(4904,'340001','2016-09-29','1.0634','3.5984','0.16',NULL,NULL,''),(4905,'340001','2016-09-28','1.0617','3.5967','0.07',NULL,NULL,''),(4906,'340001','2016-09-27','1.061','3.596','0.12',NULL,NULL,''),(4907,'340001','2016-09-26','1.0597','3.5947','-0.41',NULL,NULL,''),(4908,'340001','2016-09-23','1.0641','3.5991','-0.12',NULL,NULL,''),(4909,'340001','2016-09-22','1.0654','3.6004','0.21',NULL,NULL,''),(4910,'340001','2016-09-21','1.0632','3.5982','0.08',NULL,NULL,''),(4911,'340001','2016-09-20','1.0623','3.5973','0.00',NULL,NULL,''),(4912,'340001','2016-09-19','1.0623','3.5973','0.19',NULL,NULL,''),(4913,'340001','2016-09-14','1.0603','3.5953','-0.06',NULL,NULL,''),(4914,'340001','2016-09-13','1.0609','3.5959','0.03',NULL,NULL,''),(4915,'340001','2016-09-12','1.0606','3.5956','-0.42',NULL,NULL,''),(4916,'340001','2016-09-09','1.0651','3.6001','-0.03',NULL,NULL,''),(4917,'340001','2016-09-08','1.0654','3.6004','0.00',NULL,NULL,''),(4918,'340001','2016-09-07','1.0654','3.6004','0.19',NULL,NULL,''),(4919,'340001','2016-09-06','1.0634','3.5984','0.35',NULL,NULL,''),(4920,'340001','2016-09-05','1.0597','3.5947','0.16',NULL,NULL,'分红'),(4921,'340001','2016-09-02','1.076','3.593','-0.07',NULL,NULL,''),(4922,'340001','2016-09-01','1.0768','3.5938','-0.03',NULL,NULL,''),(4923,'340001','2016-08-31','1.0771','3.5941','0.02',NULL,NULL,''),(4924,'340001','2016-08-30','1.0769','3.5939','-0.01',NULL,NULL,''),(4925,'340001','2016-08-29','1.077','3.594','0.06',NULL,NULL,''),(4926,'340001','2016-08-26','1.0764','3.5934','0.13',NULL,NULL,''),(4927,'340001','2016-08-25','1.075','3.592','-0.15',NULL,NULL,''),(4928,'340001','2016-08-24','1.0766','3.5936','-0.09',NULL,NULL,''),(4929,'340001','2016-08-23','1.0776','3.5946','-0.18',NULL,NULL,''),(4930,'340001','2016-08-22','1.0795','3.5965','-0.19',NULL,NULL,''),(4931,'340001','2016-08-19','1.0816','3.5986','-0.02',NULL,NULL,''),(4932,'340001','2016-08-18','1.0818','3.5988','0.09',NULL,NULL,''),(4933,'340001','2016-08-17','1.0808','3.5978','0.00',NULL,NULL,''),(4934,'340001','2016-08-16','1.0808','3.5978','0.06',NULL,NULL,''),(4935,'340001','2016-08-15','1.0802','3.5972','0.93',NULL,NULL,''),(4936,'340001','2016-08-12','1.0702','3.5872','0.29',NULL,NULL,''),(4937,'340001','2016-08-11','1.0671','3.5841','-0.14',NULL,NULL,''),(4938,'340001','2016-08-10','1.0686','3.5856','0.05',NULL,NULL,''),(4939,'340001','2016-08-09','1.0681','3.5851','0.35',NULL,NULL,''),(4940,'340001','2016-08-08','1.0644','3.5814','0.19',NULL,NULL,''),(4941,'340001','2016-08-05','1.0624','3.5794','-0.06',NULL,NULL,''),(4942,'340001','2016-08-04','1.063','3.58','0.25',NULL,NULL,''),(4943,'340001','2016-08-03','1.0604','3.5774','0.22',NULL,NULL,''),(4944,'340001','2016-08-02','1.0581','3.5751','0.45',NULL,NULL,''),(4945,'340001','2016-08-01','1.0534','3.5704','-0.48',NULL,NULL,''),(4946,'340001','2016-07-29','1.0585','3.5755','-0.25',NULL,NULL,''),(4947,'340001','2016-07-28','1.0611','3.5781','0.05',NULL,NULL,''),(4948,'340001','2016-07-27','1.0606','3.5776','-0.73',NULL,NULL,''),(4949,'340001','2016-07-26','1.0684','3.5854','0.32',NULL,NULL,''),(4950,'340001','2016-07-25','1.065','3.582','-0.25',NULL,NULL,''),(4951,'340001','2016-07-22','1.0677','3.5847','-0.22',NULL,NULL,''),(4952,'340001','2016-07-21','1.07','3.587','0.28',NULL,NULL,''),(4953,'340001','2016-07-20','1.067','3.584','0.14',NULL,NULL,''),(4954,'340001','2016-07-19','1.0655','3.5825','0.04',NULL,NULL,''),(4955,'340001','2016-07-18','1.0651','3.5821','-0.46',NULL,NULL,''),(4956,'340001','2016-07-15','1.07','3.587','-0.31',NULL,NULL,''),(4957,'340001','2016-07-14','1.0733','3.5903','0.00',NULL,NULL,''),(4958,'340001','2016-07-13','1.0733','3.5903','0.46',NULL,NULL,''),(4959,'340001','2016-07-12','1.0684','3.5854','0.32',NULL,NULL,''),(4960,'340001','2016-07-11','1.065','3.582','-0.16',NULL,NULL,''),(4961,'340001','2016-07-08','1.0667','3.5837','-0.29',NULL,NULL,''),(4962,'340001','2016-07-07','1.0698','3.5868','0.16',NULL,NULL,''),(4963,'340001','2016-07-06','1.0681','3.5851','0.12',NULL,NULL,''),(4964,'340001','2016-07-05','1.0668','3.5838','0.20',NULL,NULL,''),(4965,'340001','2016-07-04','1.0647','3.5817','0.69',NULL,NULL,''),(4966,'340001','2016-07-01','1.0574','3.5744','0.09',NULL,NULL,''),(4967,'340001','2016-06-30','1.0565','3.5735','-0.18',NULL,NULL,''),(4968,'340001','2016-06-29','1.0584','3.5754','0.25',NULL,NULL,''),(4969,'340001','2016-06-28','1.0558','3.5728','0.00',NULL,NULL,''),(4970,'340001','2016-06-27','1.0558','3.5728','0.90',NULL,NULL,'分红'),(4971,'340001','2016-06-24','1.0721','3.5631','-0.07',NULL,NULL,''),(4972,'340001','2016-06-23','1.0729','3.5639','-0.14',NULL,NULL,''),(4973,'340001','2016-06-22','1.0744','3.5654','0.35',NULL,NULL,''),(4974,'340001','2016-06-21','1.0706','3.5616','-0.36',NULL,NULL,''),(4975,'340001','2016-06-20','1.0745','3.5655','0.00',NULL,NULL,''),(4976,'340001','2016-06-17','1.0745','3.5655','0.35',NULL,NULL,''),(4977,'340001','2016-06-16','1.0708','3.5618','-0.21',NULL,NULL,''),(4978,'340001','2016-06-15','1.0731','3.5641','1.07',NULL,NULL,''),(4979,'340001','2016-06-14','1.0617','3.5527','0.31',NULL,NULL,''),(4980,'340001','2016-06-13','1.0584','3.5494','-0.94',NULL,NULL,''),(4981,'340001','2016-06-08','1.0684','3.5594','-0.15',NULL,NULL,''),(4982,'340001','2016-06-07','1.07','3.561','-0.21',NULL,NULL,''),(4983,'340001','2016-06-06','1.0723','3.5633','0.22',NULL,NULL,''),(4984,'340001','2016-06-03','1.07','3.561','0.11',NULL,NULL,''),(4985,'340001','2016-06-02','1.0688','3.5598','0.12',NULL,NULL,''),(4986,'340001','2016-06-01','1.0675','3.5585','0.33',NULL,NULL,''),(4987,'340001','2016-05-31','1.064','3.555','1.04',NULL,NULL,''),(4988,'340001','2016-05-30','1.053','3.544','-0.21',NULL,NULL,''),(4989,'340001','2016-05-27','1.0552','3.5462','-0.05',NULL,NULL,''),(4990,'340001','2016-05-26','1.0557','3.5467','0.09',NULL,NULL,''),(4991,'340001','2016-05-25','1.0547','3.5457','-0.12',NULL,NULL,''),(4992,'340001','2016-05-24','1.056','3.547','-0.32',NULL,NULL,''),(4993,'340001','2016-05-23','1.0594','3.5504','0.64',NULL,NULL,''),(4994,'340001','2016-05-20','1.0527','3.5437','0.13',NULL,NULL,''),(4995,'340001','2016-05-19','1.0513','3.5423','0.21',NULL,NULL,''),(4996,'340001','2016-05-18','1.0491','3.5401','-0.88',NULL,NULL,''),(4997,'340001','2016-05-17','1.0584','3.5494','-0.14',NULL,NULL,''),(4998,'340001','2016-05-16','1.0599','3.5509','0.78',NULL,NULL,''),(4999,'340001','2016-05-13','1.0517','3.5427','0.14',NULL,NULL,''),(5000,'340001','2016-05-12','1.0502','3.5412','0.23',NULL,NULL,''),(5001,'340001','2016-05-11','1.0478','3.5388','0.21',NULL,NULL,''),(5002,'340001','2016-05-10','1.0456','3.5366','0.26',NULL,NULL,''),(5003,'340001','2016-05-09','1.0429','3.5339','-0.56',NULL,NULL,''),(5004,'340001','2016-05-06','1.0488','3.5398','-0.76',NULL,NULL,''),(5005,'340001','2016-05-05','1.0568','3.5478','-0.07',NULL,NULL,''),(5006,'340001','2016-05-04','1.0575','3.5485','-0.05',NULL,NULL,''),(5007,'340001','2016-05-03','1.058','3.549','0.89',NULL,NULL,''),(5008,'340001','2016-04-29','1.0487','3.5397','0.04',NULL,NULL,''),(5009,'340001','2016-04-28','1.0483','3.5393','-0.04',NULL,NULL,''),(5010,'340001','2016-04-27','1.0487','3.5397','0.14',NULL,NULL,''),(5011,'340001','2016-04-26','1.0472','3.5382','0.00',NULL,NULL,''),(5012,'340001','2016-04-25','1.0472','3.5382','-0.06',NULL,NULL,''),(5013,'340001','2016-04-22','1.0478','3.5388','0.23',NULL,NULL,''),(5014,'340001','2016-04-21','1.0454','3.5364','-0.15',NULL,NULL,''),(5015,'340001','2016-04-20','1.047','3.538','-0.96',NULL,NULL,''),(5016,'340001','2016-04-19','1.0572','3.5482','0.06',NULL,NULL,''),(5017,'340001','2016-04-18','1.0566','3.5476','-0.31',NULL,NULL,''),(5018,'340001','2016-04-15','1.0599','3.5509','-0.05',NULL,NULL,''),(5019,'340001','2016-04-14','1.0604','3.5514','0.23',NULL,NULL,''),(5020,'340001','2016-04-13','1.058','3.549','0.38',NULL,NULL,''),(5021,'340001','2016-04-12','1.054','3.545','-0.20',NULL,NULL,''),(5022,'340001','2016-04-11','1.0561','3.5471','0.58',NULL,NULL,''),(5023,'340001','2016-04-08','1.05','3.541','-0.42',NULL,NULL,''),(5024,'340001','2016-04-07','1.0544','3.5454','-0.42',NULL,NULL,''),(5025,'340001','2016-04-06','1.0588','3.5498','0.04',NULL,NULL,''),(5026,'340001','2016-04-05','1.0584','3.5494','0.67',NULL,NULL,''),(5027,'340001','2016-04-01','1.0514','3.5424','-0.12',NULL,NULL,''),(5028,'340001','2016-03-31','1.0527','3.5437','0.16',NULL,NULL,''),(5029,'340001','2016-03-30','1.051','3.542','0.76',NULL,NULL,''),(5030,'340001','2016-03-29','1.0431','3.5341','-0.57',NULL,NULL,''),(5031,'340001','2016-03-28','1.0491','3.5401','-0.17',NULL,NULL,''),(5032,'340001','2016-03-25','1.0509','3.5419','0.04',NULL,NULL,''),(5033,'340001','2016-03-24','1.0505','3.5415','-0.23',NULL,NULL,''),(5034,'340001','2016-03-23','1.0529','3.5439','0.14',NULL,NULL,''),(5035,'340001','2016-03-22','1.0514','3.5424','0.10',NULL,NULL,''),(5036,'340001','2016-03-21','1.0504','3.5414','0.54',NULL,NULL,''),(5037,'340001','2016-03-18','1.0448','3.5358','1.08',NULL,NULL,''),(5038,'340001','2016-03-17','1.0336','3.5246','0.94',NULL,NULL,''),(5039,'340001','2016-03-16','1.024','3.515','-0.22',NULL,NULL,''),(5040,'340001','2016-03-15','1.0263','3.5173','-0.09',NULL,NULL,''),(5041,'340001','2016-03-14','1.0272','3.5182','0.75',NULL,NULL,''),(5042,'340001','2016-03-11','1.0196','3.5106','0.14',NULL,NULL,''),(5043,'340001','2016-03-10','1.0182','3.5092','-0.23',NULL,NULL,''),(5044,'340001','2016-03-09','1.0205','3.5115','-0.41',NULL,NULL,''),(5045,'340001','2016-03-08','1.0247','3.5157','0.13',NULL,NULL,''),(5046,'340001','2016-03-07','1.0234','3.5144','0.22',NULL,NULL,''),(5047,'340001','2016-03-04','1.0212','3.5122','-0.49',NULL,NULL,''),(5048,'340001','2016-03-03','1.0262','3.5172','-0.11',NULL,NULL,''),(5049,'340001','2016-03-02','1.0273','3.5183','1.02',NULL,NULL,''),(5050,'340001','2016-03-01','1.0169','3.5079','0.35',NULL,NULL,''),(5051,'340001','2016-02-29','1.0134','3.5044','-1.04',NULL,NULL,''),(5052,'340001','2016-02-26','1.024','3.515','0.22',NULL,NULL,''),(5053,'340001','2016-02-25','1.0218','3.5128','-2.06',NULL,NULL,''),(5054,'340001','2016-02-24','1.0433','3.5343','-0.22',NULL,NULL,''),(5055,'340001','2016-02-23','1.0456','3.5366','-0.37',NULL,NULL,''),(5056,'340001','2016-02-22','1.0495','3.5405','0.42',NULL,NULL,''),(5057,'340001','2016-02-19','1.0451','3.5361','-0.17',NULL,NULL,''),(5058,'340001','2016-02-18','1.0469','3.5379','0.49',NULL,NULL,''),(5059,'340001','2016-02-17','1.0418','3.5328','0.29',NULL,NULL,''),(5060,'340001','2016-02-16','1.0388','3.5298','1.01',NULL,NULL,''),(5061,'340001','2016-02-15','1.0284','3.5194','0.01',NULL,NULL,''),(5062,'340001','2016-02-05','1.0283','3.5193','-0.29',NULL,NULL,''),(5063,'340001','2016-02-04','1.0313','3.5223','0.41',NULL,NULL,''),(5064,'340001','2016-02-03','1.0271','3.5181','-0.05',NULL,NULL,''),(5065,'340001','2016-02-02','1.0276','3.5186','0.73',NULL,NULL,''),(5066,'340001','2016-02-01','1.0202','3.5112','0.13',NULL,NULL,''),(5067,'340001','2016-01-29','1.0189','3.5099','0.89',NULL,NULL,''),(5068,'340001','2016-01-28','1.0099','3.5009','-0.57',NULL,NULL,''),(5069,'340001','2016-01-27','1.0157','3.5067','-0.22',NULL,NULL,''),(5070,'340001','2016-01-26','1.0179','3.5089','-1.72',NULL,NULL,''),(5071,'340001','2016-01-25','1.0357','3.5267','0.48',NULL,NULL,'分红'),(5072,'340001','2016-01-22','1.0566','3.5216','0.33',NULL,NULL,''),(5073,'340001','2016-01-21','1.0531','3.5181','-0.90',NULL,NULL,''),(5074,'340001','2016-01-20','1.0627','3.5277','-0.89',NULL,NULL,''),(5075,'340001','2016-01-19','1.0722','3.5372','0.32',NULL,NULL,''),(5076,'340001','2016-01-18','1.0688','3.5338','0.26',NULL,NULL,''),(5077,'340001','2016-01-15','1.066','3.531','-0.98',NULL,NULL,''),(5078,'340001','2016-01-14','1.0765','3.5415','0.93',NULL,NULL,''),(5079,'340001','2016-01-13','1.0666','3.5316','-0.59',NULL,NULL,''),(5080,'340001','2016-01-12','1.0729','3.5379','0.41',NULL,NULL,''),(5081,'340001','2016-01-11','1.0685','3.5335','-1.19',NULL,NULL,''),(5082,'340001','2016-01-08','1.0814','3.5464','0.25',NULL,NULL,''),(5083,'340001','2016-01-07','1.0787','3.5437','-1.71',NULL,NULL,''),(5084,'340001','2016-01-06','1.0975','3.5625','0.37',NULL,NULL,''),(5085,'340001','2016-01-05','1.0935','3.5585','-0.51',NULL,NULL,''),(5086,'340001','2016-01-04','1.0991','3.5641','-2.28',NULL,NULL,''),(5087,'340001','2015-12-31','1.1248','3.5898','-0.26',NULL,NULL,''),(5088,'340001','2015-12-30','1.1277','3.5927','0.10',NULL,NULL,''),(5089,'340001','2015-12-29','1.1266','3.5916','-0.02',NULL,NULL,''),(5090,'340001','2015-12-28','1.1268','3.5918','-0.50',NULL,NULL,''),(5091,'340001','2015-12-25','1.1325','3.5975','0.01',NULL,NULL,''),(5092,'340001','2015-12-24','1.1324','3.5974','-0.17',NULL,NULL,''),(5093,'340001','2015-12-23','1.1343','3.5993','-0.29',NULL,NULL,''),(5094,'340001','2015-12-22','1.1376','3.6026','0.33',NULL,NULL,''),(5095,'340001','2015-12-21','1.1339','3.5989','0.23',NULL,NULL,''),(5096,'340001','2015-12-18','1.1313','3.5963','-0.17',NULL,NULL,''),(5097,'340001','2015-12-17','1.1332','3.5982','0.54',NULL,NULL,''),(5098,'340001','2015-12-16','1.1271','3.5921','0.54',NULL,NULL,''),(5099,'340001','2015-12-15','1.1211','3.5861','0.23',NULL,NULL,''),(5100,'340001','2015-12-14','1.1185','3.5835','0.30',NULL,NULL,''),(5101,'340001','2015-12-11','1.1151','3.5801','-0.38',NULL,NULL,''),(5102,'340001','2015-12-10','1.1193','3.5843','0.24',NULL,NULL,''),(5103,'340001','2015-12-09','1.1166','3.5816','-0.12',NULL,NULL,''),(5104,'340001','2015-12-08','1.1179','3.5829','-0.64',NULL,NULL,''),(5105,'340001','2015-12-07','1.1251','3.5901','2.51',NULL,NULL,''),(5106,'340001','2015-12-04','1.0975','3.5625','-0.11',NULL,NULL,''),(5107,'340001','2015-12-03','1.0987','3.5637','0.63',NULL,NULL,''),(5108,'340001','2015-12-02','1.0918','3.5568','-0.18',NULL,NULL,''),(5109,'340001','2015-12-01','1.0938','3.5588','-0.08',NULL,NULL,''),(5110,'340001','2015-11-30','1.0947','3.5597','0.05',NULL,NULL,''),(5111,'340001','2015-11-27','1.0942','3.5592','-0.98',NULL,NULL,''),(5112,'340001','2015-11-26','1.105','3.57','-0.21',NULL,NULL,''),(5113,'340001','2015-11-25','1.1073','3.5723','0.48',NULL,NULL,''),(5114,'340001','2015-11-24','1.102','3.567','0.32',NULL,NULL,''),(5115,'340001','2015-11-23','1.0985','3.5635','0.09',NULL,NULL,''),(5116,'340001','2015-11-20','1.0975','3.5625','0.24',NULL,NULL,''),(5117,'340001','2015-11-19','1.0949','3.5599','0.62',NULL,NULL,''),(5118,'340001','2015-11-18','1.0882','3.5532','-0.38',NULL,NULL,''),(5119,'340001','2015-11-17','1.0924','3.5574','-0.16',NULL,NULL,''),(5120,'340001','2015-11-16','1.0942','3.5592','0.27',NULL,NULL,''),(5121,'340001','2015-11-13','1.0913','3.5563','-0.37',NULL,NULL,''),(5122,'340001','2015-11-12','1.0954','3.5604','-0.04',NULL,NULL,''),(5123,'340001','2015-11-11','1.0958','3.5608','0.09',NULL,NULL,''),(5124,'340001','2015-11-10','1.0948','3.5598','0.16',NULL,NULL,''),(5125,'340001','2015-11-09','1.093','3.558','0.07',NULL,NULL,''),(5126,'340001','2015-11-06','1.0922','3.5572','0.83',NULL,NULL,''),(5127,'340001','2015-11-05','1.0832','3.5482','-0.05',NULL,NULL,''),(5128,'340001','2015-11-04','1.0837','3.5487','1.37',NULL,NULL,''),(5129,'340001','2015-11-03','1.0691','3.5341','-0.06',NULL,NULL,''),(5130,'340001','2015-11-02','1.0697','3.5347','-0.47',NULL,NULL,''),(5131,'340001','2015-10-30','1.0748','3.5398','0.04',NULL,NULL,''),(5132,'340001','2015-10-29','1.0744','3.5394','-0.08',NULL,NULL,''),(5133,'340001','2015-10-28','1.0753','3.5403','-0.49',NULL,NULL,''),(5134,'340001','2015-10-27','1.0806','3.5456','0.09',NULL,NULL,''),(5135,'340001','2015-10-26','1.0796','3.5446','0.05',NULL,NULL,''),(5136,'340001','2015-10-23','1.0791','3.5441','0.80',NULL,NULL,''),(5137,'340001','2015-10-22','1.0705','3.5355','0.90',NULL,NULL,''),(5138,'340001','2015-10-21','1.061','3.526','-1.30',NULL,NULL,''),(5139,'340001','2015-10-20','1.075','3.54','0.66',NULL,NULL,''),(5140,'340001','2015-10-19','1.068','3.533','0.15',NULL,NULL,''),(5141,'340001','2015-10-16','1.0664','3.5314','0.32',NULL,NULL,''),(5142,'340001','2015-10-15','1.063','3.528','0.92',NULL,NULL,''),(5143,'340001','2015-10-14','1.0533','3.5183','-0.51',NULL,NULL,''),(5144,'340001','2015-10-13','1.0587','3.5237','0.24',NULL,NULL,''),(5145,'340001','2015-10-12','1.0562','3.5212','1.08',NULL,NULL,''),(5146,'340001','2015-10-09','1.0449','3.5099','0.35',NULL,NULL,''),(5147,'340001','2015-10-08','1.0413','3.5063','1.18',NULL,NULL,''),(5148,'340001','2015-09-30','1.0292','3.4942','0.06',NULL,NULL,''),(5149,'340001','2015-09-29','1.0286','3.4936','-0.01',NULL,NULL,''),(5150,'340001','2015-09-28','1.0287','3.4937','0.74',NULL,NULL,''),(5151,'340001','2015-09-25','1.0211','3.4861','-1.19',NULL,NULL,''),(5152,'340001','2015-09-24','1.0334','3.4984','0.35',NULL,NULL,''),(5153,'340001','2015-09-23','1.0298','3.4948','-0.25',NULL,NULL,''),(5154,'340001','2015-09-22','1.0324','3.4974','0.22',NULL,NULL,''),(5155,'340001','2015-09-21','1.0301','3.4951','1.51',NULL,NULL,''),(5156,'340001','2015-09-18','1.0148','3.4798','0.41',NULL,NULL,''),(5157,'340001','2015-09-17','1.0107','3.4757','-0.55',NULL,NULL,''),(5158,'340001','2015-09-16','1.0163','3.4813','2.34',NULL,NULL,''),(5159,'340001','2015-09-15','0.9931','3.4581','-1.18',NULL,NULL,''),(5160,'340001','2015-09-14','1.005','3.47','-1.86',NULL,NULL,''),(5161,'340001','2015-09-11','1.024','3.489','0.01',NULL,NULL,''),(5162,'340001','2015-09-10','1.0239','3.4889','-0.06',NULL,NULL,''),(5163,'340001','2015-09-09','1.0245','3.4895','0.88',NULL,NULL,''),(5164,'340001','2015-09-08','1.0156','3.4806','1.41',NULL,NULL,''),(5165,'340001','2015-09-07','1.0015','3.4665','-0.14',NULL,NULL,''),(5166,'340001','2015-09-02','1.0029','3.4679','-0.21',NULL,NULL,''),(5167,'340001','2015-09-01','1.005','3.47','-1.51',NULL,NULL,''),(5168,'340001','2015-08-31','1.0204','3.4854','-0.97',NULL,NULL,''),(5169,'340001','2015-08-28','1.0304','3.4954','1.60',NULL,NULL,''),(5170,'340001','2015-08-27','1.0142','3.4792','1.57',NULL,NULL,''),(5171,'340001','2015-08-26','0.9985','3.4635','0.49',NULL,NULL,''),(5172,'340001','2015-08-25','0.9936','3.4586','-1.60',NULL,NULL,''),(5173,'340001','2015-08-24','1.0098','3.4748','-3.63',NULL,NULL,''),(5174,'340001','2015-08-21','1.0478','3.5128','-1.64',NULL,NULL,''),(5175,'340001','2015-08-20','1.0653','3.5303','-1.36',NULL,NULL,''),(5176,'340001','2015-08-19','1.08','3.545','0.56',NULL,NULL,''),(5177,'340001','2015-08-18','1.074','3.539','-2.33',NULL,NULL,''),(5178,'340001','2015-08-17','1.0996','3.5646','0.20',NULL,NULL,''),(5179,'340001','2015-08-14','1.0974','3.5624','-0.11',NULL,NULL,''),(5180,'340001','2015-08-13','1.0986','3.5636','1.04',NULL,NULL,''),(5181,'340001','2015-08-12','1.0873','3.5523','-1.26',NULL,NULL,''),(5182,'340001','2015-08-11','1.1012','3.5662','-1.08',NULL,NULL,''),(5183,'162411','2017-08-24','0.496','0.496','0.00',NULL,NULL,''),(5184,'162411','2017-08-23','0.496','0.496','1.02',NULL,NULL,''),(5185,'162411','2017-08-22','0.491','0.491','0.61',NULL,NULL,''),(5186,'162411','2017-08-21','0.488','0.488','-1.21',NULL,NULL,''),(5187,'162411','2017-08-18','0.494','0.494','1.23',NULL,NULL,''),(5188,'162411','2017-08-17','0.488','0.488','-1.61',NULL,NULL,''),(5189,'162411','2017-08-16','0.496','0.496','-1.20',NULL,NULL,''),(5190,'162411','2017-08-15','0.502','0.502','-0.20',NULL,NULL,''),(5191,'162411','2017-08-14','0.503','0.503','-1.18',NULL,NULL,''),(5192,'162411','2017-08-11','0.509','0.509','0.00',NULL,NULL,''),(5193,'162411','2017-08-10','0.509','0.509','-1.74',NULL,NULL,''),(5194,'162411','2017-08-09','0.518','0.518','0.19',NULL,NULL,''),(5195,'162411','2017-08-08','0.517','0.517','-0.19',NULL,NULL,''),(5196,'162411','2017-08-07','0.518','0.518','-1.52',NULL,NULL,''),(5197,'162411','2017-08-04','0.526','0.526','2.14',NULL,NULL,''),(5198,'162411','2017-08-03','0.515','0.515','-3.38',NULL,NULL,''),(5199,'162411','2017-08-02','0.533','0.533','-1.66',NULL,NULL,''),(5200,'162411','2017-08-01','0.542','0.542','-0.91',NULL,NULL,''),(5201,'162411','2017-07-31','0.547','0.547','-0.91',NULL,NULL,''),(5202,'162411','2017-07-28','0.552','0.552','-0.18',NULL,NULL,''),(5203,'162411','2017-07-27','0.553','0.553','0.73',NULL,NULL,''),(5204,'162411','2017-07-26','0.549','0.549','-0.18',NULL,NULL,''),(5205,'162411','2017-07-25','0.55','0.55','3.19',NULL,NULL,''),(5206,'162411','2017-07-24','0.533','0.533','-0.19',NULL,NULL,''),(5207,'162411','2017-07-21','0.534','0.534','-1.11',NULL,NULL,''),(5208,'162411','2017-07-20','0.54','0.54','-1.82',NULL,NULL,''),(5209,'162411','2017-07-19','0.55','0.55','3.19',NULL,NULL,''),(5210,'162411','2017-07-18','0.533','0.533','-1.11',NULL,NULL,''),(5211,'162411','2017-07-17','0.539','0.539','-0.37',NULL,NULL,''),(5212,'162411','2017-07-14','0.541','0.541','0.74',NULL,NULL,''),(5213,'162411','2017-07-13','0.537','0.537','0.56',NULL,NULL,''),(5214,'162411','2017-07-12','0.534','0.534','0.00',NULL,NULL,''),(5215,'162411','2017-07-11','0.534','0.534','0.75',NULL,NULL,''),(5216,'162411','2017-07-10','0.53','0.53','1.53',NULL,NULL,''),(5217,'162411','2017-07-07','0.522','0.522','-0.38',NULL,NULL,''),(5218,'162411','2017-07-06','0.524','0.524','-2.24',NULL,NULL,''),(5219,'162411','2017-07-05','0.536','0.536','-3.25',NULL,NULL,''),(5220,'162411','2017-07-04','0.554','0.554','0.00',NULL,NULL,''),(5221,'162411','2017-07-03','0.554','0.554','2.40',NULL,NULL,''),(5222,'162411','2017-06-30','0.541','0.541','0.19',NULL,NULL,''),(5223,'162411','2017-06-29','0.54','0.54','1.12',NULL,NULL,''),(5224,'162411','2017-06-28','0.534','0.534','0.19',NULL,NULL,''),(5225,'162411','2017-06-27','0.533','0.533','0.19',NULL,NULL,''),(5226,'162411','2017-06-26','0.532','0.532','0.38',NULL,NULL,''),(5227,'162411','2017-06-23','0.53','0.53','2.32',NULL,NULL,''),(5228,'162411','2017-06-22','0.518','0.518','0.19',NULL,NULL,''),(5229,'162411','2017-06-21','0.517','0.517','-2.82',NULL,NULL,''),(5230,'162411','2017-06-20','0.532','0.532','-1.12',NULL,NULL,''),(5231,'162411','2017-06-19','0.538','0.538','-0.19',NULL,NULL,''),(5232,'162411','2017-06-16','0.539','0.539','1.13',NULL,NULL,''),(5233,'162411','2017-06-15','0.533','0.533','-2.56',NULL,NULL,''),(5234,'162411','2017-06-14','0.547','0.547','-4.20',NULL,NULL,''),(5235,'162411','2017-06-13','0.571','0.571','2.51',NULL,NULL,''),(5236,'162411','2017-06-12','0.557','0.557','0.36',NULL,NULL,''),(5237,'162411','2017-06-09','0.555','0.555','3.74',NULL,NULL,''),(5238,'162411','2017-06-08','0.535','0.535','-0.56',NULL,NULL,''),(5239,'162411','2017-06-07','0.538','0.538','-4.10',NULL,NULL,''),(5240,'162411','2017-06-06','0.561','0.561','2.37',NULL,NULL,''),(5241,'162411','2017-06-05','0.548','0.548','-0.36',NULL,NULL,''),(5242,'162411','2017-06-02','0.55','0.55','-1.96',NULL,NULL,''),(5243,'162411','2017-06-01','0.561','0.561','0.36',NULL,NULL,''),(5244,'162411','2017-05-31','0.559','0.559','-3.95',NULL,NULL,''),(5245,'162411','2017-05-26','0.582','0.582','0.34',NULL,NULL,''),(5246,'162411','2017-05-25','0.58','0.58','-2.68',NULL,NULL,''),(5247,'162411','2017-05-24','0.596','0.596','-1.00',NULL,NULL,''),(5248,'162411','2017-05-23','0.602','0.602','0.00',NULL,NULL,''),(5249,'162411','2017-05-22','0.602','0.602','-0.99',NULL,NULL,''),(5250,'162411','2017-05-19','0.608','0.608','2.70',NULL,NULL,''),(5251,'162411','2017-05-18','0.592','0.592','-0.34',NULL,NULL,''),(5252,'162411','2017-05-17','0.594','0.594','-1.49',NULL,NULL,''),(5253,'162411','2017-05-16','0.603','0.603','-0.99',NULL,NULL,''),(5254,'162411','2017-05-15','0.609','0.609','0.50',NULL,NULL,''),(5255,'162411','2017-05-12','0.606','0.606','-0.49',NULL,NULL,''),(5256,'162411','2017-05-11','0.609','0.609','-0.65',NULL,NULL,''),(5257,'162411','2017-05-10','0.613','0.613','2.17',NULL,NULL,''),(5258,'162411','2017-05-09','0.6','0.6','-0.99',NULL,NULL,''),(5259,'162411','2017-05-08','0.606','0.606','1.34',NULL,NULL,''),(5260,'162411','2017-05-05','0.598','0.598','3.64',NULL,NULL,''),(5261,'162411','2017-05-04','0.577','0.577','-3.19',NULL,NULL,''),(5262,'162411','2017-05-03','0.596','0.596','-0.17',NULL,NULL,''),(5263,'162411','2017-05-02','0.597','0.597','-0.83',NULL,NULL,''),(5264,'162411','2017-04-28','0.602','0.602','-0.66',NULL,NULL,''),(5265,'162411','2017-04-27','0.606','0.606','-1.62',NULL,NULL,''),(5266,'162411','2017-04-26','0.616','0.616','-0.48',NULL,NULL,''),(5267,'162411','2017-04-25','0.619','0.619','2.15',NULL,NULL,''),(5268,'162411','2017-04-24','0.606','0.606','0.33',NULL,NULL,''),(5269,'162411','2017-04-21','0.604','0.604','0.33',NULL,NULL,''),(5270,'162411','2017-04-20','0.602','0.602','0.33',NULL,NULL,''),(5271,'162411','2017-04-19','0.6','0.6','-2.76',NULL,NULL,''),(5272,'162411','2017-04-18','0.617','0.617','-1.44',NULL,NULL,''),(5273,'162411','2017-04-17','0.626','0.626','0.48',NULL,NULL,''),(5274,'162411','2017-04-14','0.623','0.623','0.16',NULL,NULL,''),(5275,'162411','2017-04-13','0.622','0.622','-2.81',NULL,NULL,''),(5276,'162411','2017-04-12','0.64','0.64','-1.69',NULL,NULL,''),(5277,'162411','2017-04-11','0.651','0.651','0.00',NULL,NULL,''),(5278,'162411','2017-04-10','0.651','0.651','1.72',NULL,NULL,''),(5279,'162411','2017-04-07','0.64','0.64','-0.62',NULL,NULL,''),(5280,'162411','2017-04-06','0.644','0.644','1.42',NULL,NULL,''),(5281,'162411','2017-04-05','0.635','0.635','-1.40',NULL,NULL,''),(5282,'162411','2017-03-31','0.644','0.644','1.42',NULL,NULL,''),(5283,'162411','2017-03-30','0.635','0.635','-0.94',NULL,NULL,''),(5284,'162411','2017-03-29','0.641','0.641','2.72',NULL,NULL,''),(5285,'162411','2017-03-28','0.624','0.624','2.63',NULL,NULL,''),(5286,'162411','2017-03-27','0.608','0.608','0.33',NULL,NULL,''),(5287,'162411','2017-03-24','0.606','0.606','-0.16',NULL,NULL,''),(5288,'162411','2017-03-23','0.607','0.607','-0.33',NULL,NULL,''),(5289,'162411','2017-03-22','0.609','0.609','-1.14',NULL,NULL,''),(5290,'162411','2017-03-21','0.616','0.616','-2.07',NULL,NULL,''),(5291,'162411','2017-03-20','0.629','0.629','0.16',NULL,NULL,''),(5292,'162411','2017-03-17','0.628','0.628','-0.16',NULL,NULL,''),(5293,'162411','2017-03-16','0.629','0.629','-1.26',NULL,NULL,''),(5294,'162411','2017-03-15','0.637','0.637','2.91',NULL,NULL,''),(5295,'162411','2017-03-14','0.619','0.619','-0.96',NULL,NULL,''),(5296,'162411','2017-03-13','0.625','0.625','0.48',NULL,NULL,''),(5297,'162411','2017-03-10','0.622','0.622','-0.48',NULL,NULL,''),(5298,'162411','2017-03-09','0.625','0.625','0.97',NULL,NULL,''),(5299,'162411','2017-03-08','0.619','0.619','-4.03',NULL,NULL,''),(5300,'162411','2017-03-07','0.645','0.645','-1.07',NULL,NULL,''),(5301,'162411','2017-03-06','0.652','0.652','0.46',NULL,NULL,''),(5302,'162411','2017-03-03','0.649','0.649','-0.15',NULL,NULL,''),(5303,'162411','2017-03-02','0.65','0.65','-2.40',NULL,NULL,''),(5304,'162411','2017-03-01','0.666','0.666','2.78',NULL,NULL,''),(5305,'162411','2017-02-28','0.648','0.648','-0.92',NULL,NULL,''),(5306,'162411','2017-02-27','0.654','0.654','0.93',NULL,NULL,''),(5307,'162411','2017-02-24','0.648','0.648','-1.82',NULL,NULL,''),(5308,'162411','2017-02-23','0.66','0.66','-0.30',NULL,NULL,''),(5309,'162411','2017-02-22','0.662','0.662','-2.65',NULL,NULL,''),(5310,'162411','2017-02-21','0.68','0.68','1.19',NULL,NULL,''),(5311,'162411','2017-02-20','0.672','0.672','0.30',NULL,NULL,''),(5312,'162411','2017-02-17','0.67','0.67','-0.59',NULL,NULL,''),(5313,'162411','2017-02-16','0.674','0.674','-1.75',NULL,NULL,''),(5314,'162411','2017-02-15','0.686','0.686','-0.72',NULL,NULL,''),(5315,'162411','2017-02-14','0.691','0.691','0.88',NULL,NULL,''),(5316,'162411','2017-02-13','0.685','0.685','-0.72',NULL,NULL,''),(5317,'162411','2017-02-10','0.69','0.69','1.17',NULL,NULL,''),(5318,'162411','2017-02-09','0.682','0.682','1.49',NULL,NULL,''),(5319,'162411','2017-02-08','0.672','0.672','0.60',NULL,NULL,''),(5320,'162411','2017-02-07','0.668','0.668','-2.34',NULL,NULL,''),(5321,'162411','2017-02-06','0.684','0.684','-1.30',NULL,NULL,''),(5322,'162411','2017-02-03','0.693','0.693','-2.67',NULL,NULL,''),(5323,'162411','2017-01-26','0.712','0.712','0.42',NULL,NULL,''),(5324,'162411','2017-01-25','0.709','0.709','1.00',NULL,NULL,''),(5325,'162411','2017-01-24','0.702','0.702','1.15',NULL,NULL,''),(5326,'162411','2017-01-23','0.694','0.694','-1.14',NULL,NULL,''),(5327,'162411','2017-01-20','0.702','0.702','0.72',NULL,NULL,''),(5328,'162411','2017-01-19','0.697','0.697','-0.29',NULL,NULL,''),(5329,'162411','2017-01-18','0.699','0.699','-0.85',NULL,NULL,''),(5330,'162411','2017-01-17','0.705','0.705','1.59',NULL,NULL,''),(5331,'162411','2017-01-16','0.694','0.694','0.00',NULL,NULL,''),(5332,'162411','2017-01-13','0.694','0.694','-0.86',NULL,NULL,''),(5333,'162411','2017-01-12','0.7','0.7','-0.85',NULL,NULL,''),(5334,'162411','2017-01-11','0.706','0.706','1.00',NULL,NULL,''),(5335,'162411','2017-01-10','0.699','0.699','-0.14',NULL,NULL,''),(5336,'162411','2017-01-09','0.7','0.7','-1.69',NULL,NULL,''),(5337,'162411','2017-01-06','0.712','0.712','-1.66',NULL,NULL,''),(5338,'162411','2017-01-05','0.724','0.724','-0.55',NULL,NULL,''),(5339,'162411','2017-01-04','0.728','0.728','0.41',NULL,NULL,''),(5340,'162411','2017-01-03','0.725','0.725','1.54',NULL,NULL,''),(5341,'162411','2016-12-31','0.714','0.714','0.00',NULL,NULL,''),(5342,'162411','2016-12-30','0.714','0.714','-0.70',NULL,NULL,''),(5343,'162411','2016-12-29','0.719','0.719','-0.69',NULL,NULL,''),(5344,'162411','2016-12-28','0.724','0.724','-1.09',NULL,NULL,''),(5345,'162411','2016-12-27','0.732','0.732','0.55',NULL,NULL,''),(5346,'162411','2016-12-26','0.728','0.728','0.00',NULL,NULL,''),(5347,'162411','2016-12-23','0.728','0.728','0.14',NULL,NULL,''),(5348,'162411','2016-12-22','0.727','0.727','0.41',NULL,NULL,''),(5349,'162411','2016-12-21','0.724','0.724','-0.14',NULL,NULL,''),(5350,'162411','2016-12-20','0.725','0.725','-0.14',NULL,NULL,''),(5351,'162411','2016-12-19','0.726','0.726','0.28',NULL,NULL,''),(5352,'162411','2016-12-16','0.724','0.724','0.42',NULL,NULL,''),(5353,'162411','2016-12-15','0.721','0.721','0.84',NULL,NULL,''),(5354,'162411','2016-12-14','0.715','0.715','-3.51',NULL,NULL,''),(5355,'162411','2016-12-13','0.741','0.741','0.95',NULL,NULL,''),(5356,'162411','2016-12-12','0.734','0.734','-0.54',NULL,NULL,''),(5357,'162411','2016-12-09','0.738','0.738','0.00',NULL,NULL,''),(5358,'162411','2016-12-08','0.738','0.738','0.96',NULL,NULL,''),(5359,'162411','2016-12-07','0.731','0.731','0.83',NULL,NULL,''),(5360,'162411','2016-12-06','0.725','0.725','0.00',NULL,NULL,''),(5361,'162411','2016-12-05','0.725','0.725','1.26',NULL,NULL,''),(5362,'162411','2016-12-02','0.716','0.716','-0.42',NULL,NULL,''),(5363,'162411','2016-12-01','0.719','0.719','0.56',NULL,NULL,''),(5364,'162411','2016-11-30','0.715','0.715','11.02',NULL,NULL,''),(5365,'162411','2016-11-29','0.644','0.644','-2.28',NULL,NULL,''),(5366,'162411','2016-11-28','0.659','0.659','-3.37',NULL,NULL,''),(5367,'162411','2016-11-25','0.682','0.682','-1.30',NULL,NULL,''),(5368,'162411','2016-11-24','0.691','0.691','0.29',NULL,NULL,''),(5369,'162411','2016-11-23','0.689','0.689','1.03',NULL,NULL,''),(5370,'162411','2016-11-22','0.682','0.682','-0.58',NULL,NULL,''),(5371,'162411','2016-11-21','0.686','0.686','4.57',NULL,NULL,''),(5372,'162411','2016-11-18','0.656','0.656','0.61',NULL,NULL,''),(5373,'162411','2016-11-17','0.652','0.652','0.15',NULL,NULL,''),(5374,'162411','2016-11-16','0.651','0.651','-0.76',NULL,NULL,''),(5375,'162411','2016-11-15','0.656','0.656','4.46',NULL,NULL,''),(5376,'162411','2016-11-14','0.628','0.628','1.45',NULL,NULL,''),(5377,'162411','2016-11-11','0.619','0.619','-0.96',NULL,NULL,''),(5378,'162411','2016-11-10','0.625','0.625','-0.16',NULL,NULL,''),(5379,'162411','2016-11-09','0.626','0.626','4.33',NULL,NULL,''),(5380,'162411','2016-11-08','0.6','0.6','-0.17',NULL,NULL,''),(5381,'162411','2016-11-07','0.601','0.601','2.39',NULL,NULL,''),(5382,'162411','2016-11-04','0.587','0.587','-0.68',NULL,NULL,''),(5383,'162411','2016-11-03','0.591','0.591','0.51',NULL,NULL,''),(5384,'162411','2016-11-02','0.588','0.588','-1.84',NULL,NULL,''),(5385,'162411','2016-11-01','0.599','0.599','0.17',NULL,NULL,''),(5386,'162411','2016-10-31','0.598','0.598','-2.45',NULL,NULL,''),(5387,'162411','2016-10-28','0.613','0.613','-1.45',NULL,NULL,''),(5388,'162411','2016-10-27','0.622','0.622','0.16',NULL,NULL,''),(5389,'162411','2016-10-26','0.621','0.621','0.00',NULL,NULL,''),(5390,'162411','2016-10-25','0.621','0.621','-1.74',NULL,NULL,''),(5391,'162411','2016-10-24','0.632','0.632','-0.94',NULL,NULL,''),(5392,'162411','2016-10-21','0.638','0.638','-0.16',NULL,NULL,''),(5393,'162411','2016-10-20','0.639','0.639','0.16',NULL,NULL,''),(5394,'162411','2016-10-19','0.638','0.638','1.75',NULL,NULL,''),(5395,'162411','2016-10-18','0.627','0.627','-0.16',NULL,NULL,''),(5396,'162411','2016-10-17','0.628','0.628','-0.32',NULL,NULL,''),(5397,'162411','2016-10-14','0.63','0.63','-1.25',NULL,NULL,''),(5398,'162411','2016-10-13','0.638','0.638','-0.47',NULL,NULL,''),(5399,'162411','2016-10-12','0.641','0.641','-0.77',NULL,NULL,''),(5400,'162411','2016-10-11','0.646','0.646','-1.07',NULL,NULL,''),(5401,'162411','2016-10-10','0.653','0.653','2.03',NULL,NULL,''),(5402,'162411','2016-09-30','0.64','0.64','1.75',NULL,NULL,''),(5403,'162411','2016-09-29','0.629','0.629','0.96',NULL,NULL,''),(5404,'162411','2016-09-28','0.623','0.623','5.95',NULL,NULL,''),(5405,'162411','2016-09-27','0.588','0.588','-2.33',NULL,NULL,''),(5406,'162411','2016-09-26','0.602','0.602','0.00',NULL,NULL,''),(5407,'162411','2016-09-23','0.602','0.602','-2.43',NULL,NULL,''),(5408,'162411','2016-09-22','0.617','0.617','0.49',NULL,NULL,''),(5409,'162411','2016-09-21','0.614','0.614','3.72',NULL,NULL,''),(5410,'162411','2016-09-20','0.592','0.592','-1.82',NULL,NULL,''),(5411,'162411','2016-09-19','0.603','0.603','1.01',NULL,NULL,''),(5412,'162411','2016-09-14','0.597','0.597','-2.13',NULL,NULL,''),(5413,'162411','2016-09-13','0.61','0.61','-4.39',NULL,NULL,''),(5414,'162411','2016-09-12','0.638','0.638','1.43',NULL,NULL,''),(5415,'162411','2016-09-09','0.629','0.629','-3.08',NULL,NULL,''),(5416,'162411','2016-09-08','0.649','0.649','2.53',NULL,NULL,''),(5417,'162411','2016-09-07','0.633','0.633','0.64',NULL,NULL,''),(5418,'162411','2016-09-06','0.629','0.629','0.96',NULL,NULL,''),(5419,'162411','2016-09-05','0.623','0.623','0.16',NULL,NULL,''),(5420,'162411','2016-09-02','0.622','0.622','1.80',NULL,NULL,''),(5421,'162411','2016-09-01','0.611','0.611','-0.49',NULL,NULL,''),(5422,'162411','2016-08-31','0.614','0.614','-1.92',NULL,NULL,''),(5423,'162411','2016-08-30','0.626','0.626','-0.16',NULL,NULL,''),(5424,'162411','2016-08-29','0.627','0.627','1.46',NULL,NULL,''),(5425,'162411','2016-08-26','0.618','0.618','0.16',NULL,NULL,''),(5426,'162411','2016-08-25','0.617','0.617','0.33',NULL,NULL,''),(5427,'162411','2016-08-24','0.615','0.615','-1.28',NULL,NULL,''),(5428,'162411','2016-08-23','0.623','0.623','1.47',NULL,NULL,''),(5429,'162411','2016-08-22','0.614','0.614','-1.13',NULL,NULL,''),(5430,'162411','2016-08-19','0.621','0.621','-0.96',NULL,NULL,''),(5431,'162411','2016-08-18','0.627','0.627','3.29',NULL,NULL,''),(5432,'162411','2016-08-17','0.607','0.607','-0.33',NULL,NULL,''),(5433,'162411','2016-08-16','0.609','0.609','-0.16',NULL,NULL,''),(5434,'162411','2016-08-15','0.61','0.61','1.84',NULL,NULL,''),(5435,'162411','2016-08-12','0.599','0.599','1.18',NULL,NULL,''),(5436,'162411','2016-08-11','0.592','0.592','2.07',NULL,NULL,''),(5437,'162411','2016-08-10','0.58','0.58','-1.36',NULL,NULL,''),(5438,'162411','2016-08-09','0.588','0.588','-1.18',NULL,NULL,''),(5439,'162411','2016-08-08','0.595','0.595','2.23',NULL,NULL,''),(5440,'162411','2016-08-05','0.582','0.582','1.39',NULL,NULL,''),(5441,'162411','2016-08-04','0.574','0.574','0.88',NULL,NULL,''),(5442,'162411','2016-08-03','0.569','0.569','3.45',NULL,NULL,''),(5443,'162411','2016-08-02','0.55','0.55','0.92',NULL,NULL,''),(5444,'162411','2016-08-01','0.545','0.545','-4.39',NULL,NULL,''),(5445,'162411','2016-07-29','0.57','0.57','2.33',NULL,NULL,''),(5446,'162411','2016-07-28','0.557','0.557','0.36',NULL,NULL,''),(5447,'162411','2016-07-27','0.555','0.555','-2.29',NULL,NULL,''),(5448,'162411','2016-07-26','0.568','0.568','1.79',NULL,NULL,''),(5449,'162411','2016-07-25','0.558','0.558','-2.11',NULL,NULL,''),(5450,'162411','2016-07-22','0.57','0.57','-0.18',NULL,NULL,''),(5451,'162411','2016-07-21','0.571','0.571','-1.72',NULL,NULL,''),(5452,'162411','2016-07-20','0.581','0.581','0.00',NULL,NULL,''),(5453,'162411','2016-07-19','0.581','0.581','-1.02',NULL,NULL,''),(5454,'162411','2016-07-18','0.587','0.587','0.69',NULL,NULL,''),(5455,'162411','2016-07-15','0.583','0.583','-0.51',NULL,NULL,''),(5456,'162411','2016-07-14','0.586','0.586','-0.34',NULL,NULL,''),(5457,'162411','2016-07-13','0.588','0.588','-2.00',NULL,NULL,''),(5458,'162411','2016-07-12','0.6','0.6','4.71',NULL,NULL,''),(5459,'162411','2016-07-11','0.573','0.573','-0.35',NULL,NULL,''),(5460,'162411','2016-07-08','0.575','0.575','1.95',NULL,NULL,''),(5461,'162411','2016-07-07','0.564','0.564','-1.91',NULL,NULL,''),(5462,'162411','2016-07-06','0.575','0.575','1.05',NULL,NULL,''),(5463,'162411','2016-07-05','0.569','0.569','-3.56',NULL,NULL,''),(5464,'162411','2016-07-04','0.59','0.59','-0.17',NULL,NULL,''),(5465,'162411','2016-07-01','0.591','0.591','2.25',NULL,NULL,''),(5466,'162411','2016-06-30','0.578','0.578','-0.86',NULL,NULL,''),(5467,'162411','2016-06-29','0.583','0.583','1.57',NULL,NULL,''),(5468,'162411','2016-06-28','0.574','0.574','4.94',NULL,NULL,''),(5469,'162411','2016-06-27','0.547','0.547','-4.20',NULL,NULL,''),(5470,'162411','2016-06-24','0.571','0.571','-5.15',NULL,NULL,''),(5471,'162411','2016-06-23','0.602','0.602','1.35',NULL,NULL,''),(5472,'162411','2016-06-22','0.594','0.594','-0.50',NULL,NULL,''),(5473,'162411','2016-06-21','0.597','0.597','1.53',NULL,NULL,''),(5474,'162411','2016-06-20','0.588','0.588','1.55',NULL,NULL,''),(5475,'162411','2016-06-17','0.579','0.579','2.84',NULL,NULL,''),(5476,'162411','2016-06-16','0.563','0.563','-2.93',NULL,NULL,''),(5477,'162411','2016-06-15','0.58','0.58','0.35',NULL,NULL,''),(5478,'162411','2016-06-14','0.578','0.578','0.17',NULL,NULL,''),(5479,'162411','2016-06-13','0.577','0.577','-5.56',NULL,NULL,''),(5480,'162411','2016-06-08','0.611','0.611','-0.97',NULL,NULL,''),(5481,'162411','2016-06-07','0.617','0.617','2.83',NULL,NULL,''),(5482,'162411','2016-06-06','0.6','0.6','2.21',NULL,NULL,''),(5483,'162411','2016-06-03','0.587','0.587','-1.01',NULL,NULL,''),(5484,'162411','2016-06-02','0.593','0.593','0.00',NULL,NULL,''),(5485,'162411','2016-06-01','0.593','0.593','1.19',NULL,NULL,''),(5486,'162411','2016-05-31','0.586','0.586','0.69',NULL,NULL,''),(5487,'162411','2016-05-30','0.582','0.582','0.52',NULL,NULL,''),(5488,'162411','2016-05-27','0.579','0.579','-0.69',NULL,NULL,''),(5489,'162411','2016-05-26','0.583','0.583','-0.85',NULL,NULL,''),(5490,'162411','2016-05-25','0.588','0.588','3.34',NULL,NULL,''),(5491,'162411','2016-05-24','0.569','0.569','0.71',NULL,NULL,''),(5492,'162411','2016-05-23','0.565','0.565','-0.35',NULL,NULL,''),(5493,'162411','2016-05-20','0.567','0.567','0.89',NULL,NULL,''),(5494,'162411','2016-05-19','0.562','0.562','0.00',NULL,NULL,''),(5495,'162411','2016-05-18','0.562','0.562','-1.40',NULL,NULL,''),(5496,'162411','2016-05-17','0.57','0.57','1.24',NULL,NULL,''),(5497,'162411','2016-05-16','0.563','0.563','2.18',NULL,NULL,''),(5498,'162411','2016-05-13','0.551','0.551','-1.08',NULL,NULL,''),(5499,'162411','2016-05-12','0.557','0.557','-0.71',NULL,NULL,''),(5500,'162411','2016-05-11','0.561','0.561','0.90',NULL,NULL,''),(5501,'162411','2016-05-10','0.556','0.556','4.12',NULL,NULL,''),(5502,'162411','2016-05-09','0.534','0.534','-2.20',NULL,NULL,''),(5503,'162411','2016-05-06','0.546','0.546','-1.09',NULL,NULL,''),(5504,'162411','2016-05-05','0.552','0.552','2.22',NULL,NULL,''),(5505,'162411','2016-05-04','0.54','0.54','-1.82',NULL,NULL,''),(5506,'162411','2016-05-03','0.55','0.55','-5.01',NULL,NULL,''),(5507,'162411','2016-04-29','0.579','0.579','-0.86',NULL,NULL,''),(5508,'162411','2016-04-28','0.584','0.584','-2.83',NULL,NULL,''),(5509,'162411','2016-04-27','0.601','0.601','2.91',NULL,NULL,''),(5510,'162411','2016-04-26','0.584','0.584','2.64',NULL,NULL,''),(5511,'162411','2016-04-25','0.569','0.569','-1.22',NULL,NULL,''),(5512,'162411','2016-04-22','0.576','0.576','3.60',NULL,NULL,''),(5513,'162411','2016-04-21','0.556','0.556','-0.54',NULL,NULL,''),(5514,'162411','2016-04-20','0.559','0.559','1.09',NULL,NULL,''),(5515,'162411','2016-04-19','0.553','0.553','2.22',NULL,NULL,''),(5516,'162411','2016-04-18','0.541','0.541','1.50',NULL,NULL,''),(5517,'162411','2016-04-15','0.533','0.533','-1.48',NULL,NULL,''),(5518,'162411','2016-04-14','0.541','0.541','0.56',NULL,NULL,''),(5519,'162411','2016-04-13','0.538','0.538','-1.10',NULL,NULL,''),(5520,'162411','2016-04-12','0.544','0.544','6.46',NULL,NULL,''),(5521,'162411','2016-04-11','0.511','0.511','-0.20',NULL,NULL,''),(5522,'162411','2016-04-08','0.512','0.512','3.64',NULL,NULL,''),(5523,'162411','2016-04-07','0.494','0.494','0.00',NULL,NULL,''),(5524,'162411','2016-04-06','0.494','0.494','3.56',NULL,NULL,''),(5525,'162411','2016-04-05','0.477','0.477','-1.85',NULL,NULL,''),(5526,'162411','2016-04-01','0.486','0.486','-1.82',NULL,NULL,''),(5527,'162411','2016-03-31','0.495','0.495','1.23',NULL,NULL,''),(5528,'162411','2016-03-30','0.489','0.489','-0.41',NULL,NULL,''),(5529,'162411','2016-03-29','0.491','0.491','1.03',NULL,NULL,''),(5530,'162411','2016-03-28','0.486','0.486','-1.02',NULL,NULL,''),(5531,'162411','2016-03-25','0.491','0.491','0.20',NULL,NULL,''),(5532,'162411','2016-03-24','0.49','0.49','1.66',NULL,NULL,''),(5533,'162411','2016-03-23','0.482','0.482','-4.74',NULL,NULL,''),(5534,'162411','2016-03-22','0.506','0.506','0.40',NULL,NULL,''),(5535,'162411','2016-03-21','0.504','0.504','0.20',NULL,NULL,''),(5536,'162411','2016-03-18','0.503','0.503','-0.79',NULL,NULL,''),(5537,'162411','2016-03-17','0.507','0.507','1.40',NULL,NULL,''),(5538,'162411','2016-03-16','0.5','0.5','3.95',NULL,NULL,''),(5539,'162411','2016-03-15','0.481','0.481','0.21',NULL,NULL,''),(5540,'162411','2016-03-14','0.48','0.48','-1.64',NULL,NULL,''),(5541,'162411','2016-03-11','0.488','0.488','4.05',NULL,NULL,''),(5542,'162411','2016-03-10','0.469','0.469','-0.42',NULL,NULL,''),(5543,'162411','2016-03-09','0.471','0.471','3.52',NULL,NULL,''),(5544,'162411','2016-03-08','0.455','0.455','-7.71',NULL,NULL,''),(5545,'162411','2016-03-07','0.493','0.493','3.35',NULL,NULL,''),(5546,'162411','2016-03-04','0.477','0.477','3.47',NULL,NULL,''),(5547,'162411','2016-03-03','0.461','0.461','4.54',NULL,NULL,''),(5548,'162411','2016-03-02','0.441','0.441','5.25',NULL,NULL,''),(5549,'162411','2016-03-01','0.419','0.419','2.20',NULL,NULL,''),(5550,'162411','2016-02-29','0.41','0.41','-0.24',NULL,NULL,''),(5551,'162411','2016-02-26','0.411','0.411','2.24',NULL,NULL,''),(5552,'162411','2016-02-25','0.402','0.402','0.25',NULL,NULL,''),(5553,'162411','2016-02-24','0.401','0.401','2.04',NULL,NULL,''),(5554,'162411','2016-02-23','0.393','0.393','-5.07',NULL,NULL,''),(5555,'162411','2016-02-22','0.414','0.414','4.55',NULL,NULL,''),(5556,'162411','2016-02-19','0.396','0.396','-1.74',NULL,NULL,''),(5557,'162411','2016-02-18','0.403','0.403','-4.05',NULL,NULL,''),(5558,'162411','2016-02-17','0.42','0.42','4.74',NULL,NULL,''),(5559,'162411','2016-02-16','0.401','0.401','-1.23',NULL,NULL,''),(5560,'162411','2016-02-15','0.406','0.406','-6.67',NULL,NULL,''),(5561,'162411','2016-02-05','0.435','0.435','-3.97',NULL,NULL,''),(5562,'162411','2016-02-04','0.453','0.453','-0.88',NULL,NULL,''),(5563,'162411','2016-02-03','0.457','0.457','4.34',NULL,NULL,''),(5564,'162411','2016-02-02','0.438','0.438','-4.16',NULL,NULL,''),(5565,'162411','2016-02-01','0.457','0.457','-3.18',NULL,NULL,''),(5566,'162411','2016-01-29','0.472','0.472','4.42',NULL,NULL,''),(5567,'162411','2016-01-28','0.452','0.452','3.43',NULL,NULL,''),(5568,'162411','2016-01-27','0.437','0.437','0.46',NULL,NULL,''),(5569,'162411','2016-01-26','0.435','0.435','6.10',NULL,NULL,''),(5570,'162411','2016-01-25','0.41','0.41','-6.82',NULL,NULL,''),(5571,'162411','2016-01-22','0.44','0.44','4.02',NULL,NULL,''),(5572,'162411','2016-01-21','0.423','0.423','6.28',NULL,NULL,''),(5573,'162411','2016-01-20','0.398','0.398','-0.25',NULL,NULL,''),(5574,'162411','2016-01-19','0.399','0.399','-5.00',NULL,NULL,''),(5575,'162411','2016-01-18','0.42','0.42','0.00',NULL,NULL,''),(5576,'162411','2016-01-15','0.42','0.42','-3.45',NULL,NULL,''),(5577,'162411','2016-01-14','0.435','0.435','3.33',NULL,NULL,''),(5578,'162411','2016-01-13','0.421','0.421','-3.22',NULL,NULL,''),(5579,'162411','2016-01-12','0.435','0.435','-1.36',NULL,NULL,''),(5580,'162411','2016-01-11','0.441','0.441','-3.92',NULL,NULL,''),(5581,'162411','2016-01-08','0.459','0.459','0.44',NULL,NULL,''),(5582,'162411','2016-01-07','0.457','0.457','-1.72',NULL,NULL,''),(5583,'162411','2016-01-06','0.465','0.465','-6.81',NULL,NULL,''),(5584,'162411','2016-01-05','0.499','0.499','0.00',NULL,NULL,''),(5585,'162411','2016-01-04','0.499','0.499','0.81',NULL,NULL,''),(5586,'162411','2015-12-31','0.495','0.495','2.27',NULL,NULL,''),(5587,'162411','2015-12-30','0.484','0.484','-2.62',NULL,NULL,''),(5588,'162411','2015-12-29','0.497','0.497','1.84',NULL,NULL,''),(5589,'162411','2015-12-28','0.488','0.488','-3.56',NULL,NULL,''),(5590,'162411','2015-12-25','0.506','0.506','-0.20',NULL,NULL,''),(5591,'162411','2015-12-24','0.507','0.507','-0.59',NULL,NULL,''),(5592,'162411','2015-12-23','0.51','0.51','7.37',NULL,NULL,''),(5593,'162411','2015-12-22','0.475','0.475','1.28',NULL,NULL,''),(5594,'162411','2015-12-21','0.469','0.469','-1.68',NULL,NULL,''),(5595,'162411','2015-12-18','0.477','0.477','-1.45',NULL,NULL,''),(5596,'162411','2015-12-17','0.484','0.484','-3.01',NULL,NULL,''),(5597,'162411','2015-12-16','0.499','0.499','-1.77',NULL,NULL,''),(5598,'162411','2015-12-15','0.508','0.508','1.80',NULL,NULL,''),(5599,'162411','2015-12-14','0.499','0.499','-1.96',NULL,NULL,''),(5600,'162411','2015-12-11','0.509','0.509','-4.50',NULL,NULL,''),(5601,'162411','2015-12-10','0.533','0.533','1.72',NULL,NULL,''),(5602,'162411','2015-12-09','0.524','0.524','0.77',NULL,NULL,''),(5603,'162411','2015-12-08','0.52','0.52','0.58',NULL,NULL,''),(5604,'162411','2015-12-07','0.517','0.517','-6.17',NULL,NULL,''),(5605,'162411','2015-12-04','0.551','0.551','-2.65',NULL,NULL,''),(5606,'162411','2015-12-03','0.566','0.566','-1.39',NULL,NULL,''),(5607,'162411','2015-12-02','0.574','0.574','-4.01',NULL,NULL,''),(5608,'162411','2015-12-01','0.598','0.598','0.67',NULL,NULL,''),(5609,'162411','2015-11-30','0.594','0.594','0.51',NULL,NULL,''),(5610,'162411','2015-11-27','0.591','0.591','-2.15',NULL,NULL,''),(5611,'162411','2015-11-26','0.604','0.604','0.00',NULL,NULL,''),(5612,'162411','2015-11-25','0.604','0.604','-0.49',NULL,NULL,''),(5613,'162411','2015-11-24','0.607','0.607','3.41',NULL,NULL,''),(5614,'162411','2015-11-23','0.587','0.587','0.86',NULL,NULL,''),(5615,'162411','2015-11-20','0.582','0.582','-2.02',NULL,NULL,''),(5616,'162411','2015-11-19','0.594','0.594','-2.62',NULL,NULL,''),(5617,'162411','2015-11-18','0.61','0.61','2.01',NULL,NULL,''),(5618,'162411','2015-11-17','0.598','0.598','-1.81',NULL,NULL,''),(5619,'162411','2015-11-16','0.609','0.609','4.10',NULL,NULL,''),(5620,'162411','2015-11-13','0.585','0.585','0.69',NULL,NULL,''),(5621,'162411','2015-11-12','0.581','0.581','-3.01',NULL,NULL,''),(5622,'162411','2015-11-11','0.599','0.599','-4.16',NULL,NULL,''),(5623,'162411','2015-11-10','0.625','0.625','0.32',NULL,NULL,''),(5624,'162411','2015-11-09','0.623','0.623','0.65',NULL,NULL,''),(5625,'162411','2015-11-06','0.619','0.619','-0.48',NULL,NULL,''),(5626,'162411','2015-11-05','0.622','0.622','0.48',NULL,NULL,''),(5627,'162411','2015-11-04','0.619','0.619','-0.64',NULL,NULL,''),(5628,'162411','2015-11-03','0.623','0.623','3.66',NULL,NULL,''),(5629,'162411','2015-11-02','0.601','0.601','1.69',NULL,NULL,''),(5630,'162411','2015-10-30','0.591','0.591','1.20',NULL,NULL,''),(5631,'162411','2015-10-29','0.584','0.584','0.86',NULL,NULL,''),(5632,'162411','2015-10-28','0.579','0.579','3.39',NULL,NULL,''),(5633,'162411','2015-10-27','0.56','0.56','-2.78',NULL,NULL,''),(5634,'162411','2015-10-26','0.576','0.576','-2.70',NULL,NULL,''),(5635,'162411','2015-10-23','0.592','0.592','-0.17',NULL,NULL,''),(5636,'162411','2015-10-22','0.593','0.593','0.68',NULL,NULL,''),(5637,'162411','2015-10-21','0.589','0.589','-3.60',NULL,NULL,''),(5638,'162411','2015-10-20','0.611','0.611','0.99',NULL,NULL,''),(5639,'162411','2015-10-19','0.605','0.605','-3.35',NULL,NULL,''),(5640,'162411','2015-10-16','0.626','0.626','0.32',NULL,NULL,''),(5641,'162411','2015-10-15','0.624','0.624','2.80',NULL,NULL,''),(5642,'162411','2015-10-14','0.607','0.607','1.34',NULL,NULL,''),(5643,'162411','2015-10-13','0.599','0.599','-2.28',NULL,NULL,''),(5644,'162411','2015-10-12','0.613','0.613','-3.62',NULL,NULL,''),(5645,'162411','2015-10-09','0.636','0.636','-1.55',NULL,NULL,''),(5646,'162411','2015-10-08','0.646','0.646','',NULL,NULL,''),(5647,'162411','2015-09-30','0.531','0.531','2.51',NULL,NULL,''),(5648,'162411','2015-09-29','0.518','0.518','0.78',NULL,NULL,''),(5649,'162411','2015-09-28','0.514','0.514','-4.99',NULL,NULL,''),(5650,'162411','2015-09-25','0.541','0.541','-1.28',NULL,NULL,''),(5651,'162411','2015-09-24','0.548','0.548','0.74',NULL,NULL,''),(5652,'162411','2015-09-23','0.544','0.544','-2.68',NULL,NULL,''),(5653,'162411','2015-09-22','0.559','0.559','-1.41',NULL,NULL,''),(5654,'162411','2015-09-21','0.567','0.567','0.18',NULL,NULL,''),(5655,'162411','2015-09-18','0.566','0.566','-3.58',NULL,NULL,''),(5656,'162411','2015-09-17','0.587','0.587','-0.34',NULL,NULL,''),(5657,'162411','2015-09-16','0.589','0.589','4.62',NULL,NULL,''),(5658,'162411','2015-09-15','0.563','0.563','1.62',NULL,NULL,''),(5659,'162411','2015-09-14','0.554','0.554','-2.29',NULL,NULL,''),(5660,'162411','2015-09-11','0.567','0.567','-2.07',NULL,NULL,''),(5661,'162411','2015-09-10','0.579','0.579','1.22',NULL,NULL,''),(5662,'162411','2015-09-09','0.572','0.572','-2.56',NULL,NULL,''),(5663,'162411','2015-09-08','0.587','0.587','1.73',NULL,NULL,''),(5664,'162411','2015-09-07','0.577','0.577','-1.37',NULL,NULL,''),(5665,'162411','2015-09-02','0.585','0.585','1.04',NULL,NULL,''),(5666,'162411','2015-09-01','0.579','0.579','-5.24',NULL,NULL,''),(5667,'162411','2015-08-31','0.611','0.611','2.52',NULL,NULL,''),(5668,'162411','2015-08-28','0.596','0.596','2.94',NULL,NULL,''),(5669,'162411','2015-08-27','0.579','0.579','6.43',NULL,NULL,''),(5670,'162411','2015-08-26','0.544','0.544','2.84',NULL,NULL,''),(5671,'162411','2015-08-25','0.529','0.529','-1.12',NULL,NULL,''),(5672,'162411','2015-08-24','0.535','0.535','-5.64',NULL,NULL,''),(5673,'162411','2015-08-21','0.567','0.567','-3.57',NULL,NULL,''),(5674,'162411','2015-08-20','0.588','0.588','-2.65',NULL,NULL,''),(5675,'162411','2015-08-19','0.604','0.604','-3.67',NULL,NULL,''),(5676,'162411','2015-08-18','0.627','0.627','0.32',NULL,NULL,''),(5677,'162411','2015-08-17','0.625','0.625','-0.16',NULL,NULL,''),(5678,'162411','2015-08-14','0.626','0.626','-0.95',NULL,NULL,''),(5679,'162411','2015-08-13','0.632','0.632','-1.56',NULL,NULL,''),(5680,'162411','2015-08-12','0.642','0.642','4.05',NULL,NULL,''),(5681,'162411','2015-08-11','0.617','0.617','1.48',NULL,NULL,''),(5682,'162411','2015-08-10','0.608','0.608','6.48',NULL,NULL,'');
/*!40000 ALTER TABLE `fund_daily_price` ENABLE KEYS */;
UNLOCK TABLES;

--
-- Table structure for table `fund_group_detail`
--

DROP TABLE IF EXISTS `fund_group_detail`;
/*!40101 SET @saved_cs_client     = @@character_set_client */;
/*!40101 SET character_set_client = utf8 */;
CREATE TABLE `fund_group_detail` (
  `fund_group_id` int(11) NOT NULL,
  `fund_code` varchar(45) NOT NULL,
  `order_rate` int(11) DEFAULT '0' COMMENT '购买比例 100为100%',
  KEY `fk_group_fund_mapping_fund_info1_idx` (`fund_code`),
  KEY `idx_fund_group_id` (`fund_group_id`),
  CONSTRAINT `fk_group_fund_mapping_fund_info1` FOREIGN KEY (`fund_code`) REFERENCES `fund_info` (`fund_code`) ON DELETE NO ACTION ON UPDATE NO ACTION,
  CONSTRAINT `fk_group_fund_mapping_user_fund_group1` FOREIGN KEY (`fund_group_id`) REFERENCES `user_fund_group` (`fund_group_id`) ON DELETE NO ACTION ON UPDATE NO ACTION
) ENGINE=InnoDB DEFAULT CHARSET=utf8;
/*!40101 SET character_set_client = @saved_cs_client */;

--
-- Dumping data for table `fund_group_detail`
--

LOCK TABLES `fund_group_detail` WRITE;
/*!40000 ALTER TABLE `fund_group_detail` DISABLE KEYS */;
INSERT INTO `fund_group_detail` VALUES (1,'000961',100),(1,'050002',0),(2,'000962',100),(2,'160119',0),(3,'110031',100),(4,'340001',100),(5,'162411',100);
/*!40000 ALTER TABLE `fund_group_detail` ENABLE KEYS */;
UNLOCK TABLES;

--
-- Table structure for table `fund_info`
--

DROP TABLE IF EXISTS `fund_info`;
/*!40101 SET @saved_cs_client     = @@character_set_client */;
/*!40101 SET character_set_client = utf8 */;
CREATE TABLE `fund_info` (
  `fund_code` varchar(45) NOT NULL COMMENT '基金编码',
  `fund_name` varchar(256) DEFAULT NULL COMMENT '基金名称',
  `buy_rate` varchar(45) DEFAULT NULL COMMENT '买入费率',
  `sell_rate` varchar(45) DEFAULT NULL COMMENT '卖出费率',
  `rounding_mode` int(11) DEFAULT '5' COMMENT '四舍五入类型\n0:ROUND_UP \n1:ROUND_DOWN\n2:ROUND_CEILING\n3:ROUND_FLOOR\n4:ROUND_HALF_UP\n5:ROUND_HALF_DOWN\n6:ROUND_HALF_EVEN\n7:ROUND_UNNECESSARY',
  PRIMARY KEY (`fund_code`)
) ENGINE=InnoDB DEFAULT CHARSET=utf8 COMMENT='基金信息';
/*!40101 SET character_set_client = @saved_cs_client */;

--
-- Dumping data for table `fund_info`
--

LOCK TABLES `fund_info` WRITE;
/*!40000 ALTER TABLE `fund_info` DISABLE KEYS */;
INSERT INTO `fund_info` VALUES ('000961','天弘沪深300指数','1.00%',NULL,5),('000962','天弘中证500指数','1.00%',NULL,5),('050002','博时沪深300指数A','1.50%',NULL,5),('110031','易方达恒生ETF联接','1.20%',NULL,5),('160119','南方中证500ETF联接A','1.20%',NULL,5),('162411','华宝标普石油指数','1.50%',NULL,5),('340001','兴全可转债混合','1.00%',NULL,3);
/*!40000 ALTER TABLE `fund_info` ENABLE KEYS */;
UNLOCK TABLES;

--
-- Table structure for table `fund_order`
--

DROP TABLE IF EXISTS `fund_order`;
/*!40101 SET @saved_cs_client     = @@character_set_client */;
/*!40101 SET character_set_client = utf8 */;
CREATE TABLE `fund_order` (
  `order_id` bigint(20) NOT NULL AUTO_INCREMENT COMMENT '订单号',
  `user_id` decimal(10,0) NOT NULL COMMENT '用户ID',
  `buy_time` datetime NOT NULL COMMENT '购买时间',
  `fund_code` varchar(45) NOT NULL COMMENT '基金编号',
  `order_type` varchar(45) NOT NULL COMMENT '类型：购买／卖出／分红／补偿',
  `outer_order_id` varchar(128) NOT NULL,
  `trade_date` date DEFAULT NULL,
  `trade_price` int(11) DEFAULT NULL COMMENT '购买金额-分',
  `trade_share` double DEFAULT NULL COMMENT '交易份额',
  `trade_fee` int(11) DEFAULT NULL COMMENT '交易费用金额-分（手续费）',
  `status` int(11) NOT NULL COMMENT '状态：等待确认／交易完成',
  PRIMARY KEY (`order_id`),
  UNIQUE KEY `uk_outer_order_id` (`outer_order_id`),
  KEY `fk_fund_order_user_info1_idx` (`user_id`),
  CONSTRAINT `fk_fund_order_user_info1` FOREIGN KEY (`user_id`) REFERENCES `user_info` (`user_id`) ON DELETE NO ACTION ON UPDATE NO ACTION
) ENGINE=InnoDB AUTO_INCREMENT=53 DEFAULT CHARSET=utf8 COMMENT='基金订单';
/*!40101 SET character_set_client = @saved_cs_client */;

--
-- Dumping data for table `fund_order`
--

LOCK TABLES `fund_order` WRITE;
/*!40000 ALTER TABLE `fund_order` DISABLE KEYS */;
INSERT INTO `fund_order` VALUES (1,1,'2017-06-18 00:00:00','050002','bc','050002-20170618','2017-06-18',1020000,8622.13,0,1),(2,1,'2017-06-18 00:00:00','160119','bc','160119-20170618','2017-06-18',1035000,6543.26,0,1),(3,1,'2017-06-18 00:00:00','000961','bc','000961-20170618','2017-06-18',1160018,11667.9,0,1),(4,1,'2017-06-18 00:00:00','000962','bc','000962-20170618','2017-06-18',1386397,13817.25,0,1),(5,1,'2017-06-18 00:00:00','110031','bc','110031-20170618','2017-06-18',1218000,11398.6,0,1),(6,1,'2017-06-16 14:53:31','000961','buy','buy-000961-20170616','2017-06-16',78700,766.88,79,1),(7,1,'2017-06-16 14:53:59','000962','buy','buy-000962-20170616','2017-06-16',32200,328.58,32,1),(8,1,'2017-06-16 14:54:35','110031','buy','buy-110032-20170616','2017-06-16',74300,687.01,89,1),(12,1,'2017-06-23 14:53:16','000961','sell','sell-000961-20170623','2017-06-23',-13603,-129,NULL,1),(13,1,'2017-06-23 14:53:16','000962','buy','buy-000962-20170623','2017-06-23',56400,575.47,56,1),(14,1,'2017-06-23 14:53:16','110031','buy','buy-110031-20170623','2017-06-23',36100,330.16,43,1),(15,1,'2017-06-30 14:57:24','000961','buy','buy-000961-20170630','2017-06-30',7400,69.28,7,1),(16,1,'2017-06-30 14:57:24','000962','sell','sell-000962-20170630','2017-06-30',-4596,-46,NULL,1),(17,1,'2017-06-30 14:57:24','110031','buy','buy-110031-20170630','2017-06-30',71100,657.36,85,1),(18,1,'2017-07-07 14:55:14','000961','buy','buy-000961-20170707','2017-07-07',46400,434.47,46,1),(19,1,'2017-07-07 14:55:14','000962','buy','buy-000962-20170707','2017-07-07',17400,171.6,17,1),(20,1,'2017-07-07 14:55:14','110031','buy','buy-110031-20170707','2017-07-07',28600,264.3,34,1),(21,1,'2017-07-14 14:52:52','000961','buy','buy-000961-20170714','2017-07-14',10400,95.94,10,1),(22,1,'2017-07-14 14:52:52','000962','buy','buy-000962-20170714','2017-07-14',82400,824.17,82,1),(23,1,'2017-07-14 14:52:52','110031','buy','buy-110031-20170714','2017-07-14',22000,194.96,26,1),(24,1,'2017-07-21 14:57:31','000961','buy','buy-000961-20170721','2017-07-21',31400,287.5,31,1),(25,1,'2017-07-21 14:57:31','000962','buy','buy-000962-20170721','2017-07-21',55400,554.67,55,1),(26,1,'2017-07-21 14:57:31','110031','buy','buy-110031-20170721','2017-07-21',26100,231.4,31,1),(27,1,'2017-07-28 14:51:46','000961','buy','buy-000961-20170728','2017-07-28',54400,498.54,54,1),(28,1,'2017-07-28 14:51:46','000962','buy','buy-000962-20170728','2017-07-28',9400,92.82,9,1),(29,1,'2017-07-28 14:51:46','110031','buy','buy-110031-20170728','2017-07-28',62000,550.99,74,1),(30,1,'2017-08-04 14:59:59','000961','buy','buy-000961-20170804','2017-08-04',50400,463.33,50,1),(31,1,'2017-08-04 14:59:59','000962','buy','buy-000962-20170804','2017-08-04',39400,388.56,39,1),(32,1,'2017-08-04 14:59:59','110031','buy','buy-110031-20170804','2017-08-04',11100,97.02,13,1),(33,1,'2017-08-11 14:58:46','000961','buy','buy-000961-20170811','2017-08-11',98400,918.2,98,1),(34,1,'2017-08-11 14:58:46','000962','buy','buy-000962-20170811','2017-08-11',84400,839.55,84,1),(35,1,'2017-08-11 14:58:46','110031','buy','buy-110031-20170811','2017-08-11',107800,984.02,129,1),(36,1,'2017-08-18 14:59:59','000961','sell','sell-000961-20170818','2017-08-18',-1638,-15,NULL,1),(37,1,'2017-08-18 14:59:59','000962','sell','sell-000962-20170818','2017-08-18',-28600,-277,NULL,1),(38,1,'2017-08-18 14:59:59','110031','buy','buy-110031-20170818','2017-08-18',42000,379.02,50,1),(39,1,'2017-08-25 14:58:53','000961','buy','buy-000961-20170825','2017-08-25',1000,8.98,1,1),(40,1,'2017-08-25 14:58:53','000962','buy','buy-000962-20170825','2017-08-25',50400,487.65,50,1),(41,1,'2017-08-25 14:58:53','110031','buy','buy-110031-20170825','2017-08-25',0,0,0,1),(42,1,'2017-07-21 12:00:00','340001','buy','buy-340001-20170721','2017-07-21',50000,468.35,50,1),(43,1,'2017-07-28 12:00:00','340001','buy','buy-340001-20170728','2017-07-28',50000,470.07,50,1),(44,1,'2017-08-04 12:00:00','340001','buy','buy-340001-20170804','2017-08-04',50000,467.91,50,1),(45,1,'2017-08-11 12:00:00','340001','buy','buy-340001-20170811','2017-08-11',50000,472.11,50,1),(46,1,'2017-08-18 12:00:00','340001','buy','buy-340001-20170818','2017-08-18',50000,468.53,50,1),(47,1,'2017-08-25 12:00:00','340001','buy','buy-340001-20170825','2017-08-25',50000,465.38,50,1),(48,1,'2017-06-28 12:00:00','162411','buy','buy-162411-20170628','2017-06-28',50000,934.93,75,1),(49,1,'2017-07-05 12:00:00','162411','buy','buy-162411-20170705','2017-07-05',50000,931.44,75,1),(50,1,'2017-08-18 12:00:00','162411','buy','buy-162411-20170718-1','2017-08-18',100000,2021.26,150,1),(51,1,'2017-08-18 12:00:00','162411','buy','buy-162411-20170718-2','2017-08-18',50000,1010.63,75,1),(52,1,'2017-08-25 12:00:00','162411','buy','buy-162411-20170825','2017-08-25',50000,NULL,NULL,0);
/*!40000 ALTER TABLE `fund_order` ENABLE KEYS */;
UNLOCK TABLES;

--
-- Table structure for table `trade_calendar`
--

DROP TABLE IF EXISTS `trade_calendar`;
/*!40101 SET @saved_cs_client     = @@character_set_client */;
/*!40101 SET character_set_client = utf8 */;
CREATE TABLE `trade_calendar` (
  `id` int(11) NOT NULL AUTO_INCREMENT,
  `fund_group_id` int(11) NOT NULL,
  `trade_date` datetime NOT NULL COMMENT '交易日期',
  `target_price` int(11) NOT NULL,
  `trade_status` int(11) NOT NULL COMMENT '交易状态1正常 0休市',
  PRIMARY KEY (`id`),
  KEY `uk_trade_date` (`trade_date`),
  KEY `fk_trade_calendar_user_fund_group1_idx` (`fund_group_id`),
  CONSTRAINT `fk_trade_calendar_user_fund_group1` FOREIGN KEY (`fund_group_id`) REFERENCES `user_fund_group` (`fund_group_id`) ON DELETE NO ACTION ON UPDATE NO ACTION
) ENGINE=InnoDB AUTO_INCREMENT=501 DEFAULT CHARSET=utf8 COMMENT='交易日历';
/*!40101 SET character_set_client = @saved_cs_client */;

--
-- Dumping data for table `trade_calendar`
--

LOCK TABLES `trade_calendar` WRITE;
/*!40000 ALTER TABLE `trade_calendar` DISABLE KEYS */;
INSERT INTO `trade_calendar` VALUES (361,1,'2016-12-23 15:00:00',50000,0),(362,1,'2016-12-30 15:00:00',100000,0),(363,1,'2017-01-06 15:00:00',150000,0),(364,1,'2017-01-13 15:00:00',200000,0),(365,1,'2017-01-20 15:00:00',250000,0),(366,1,'2017-01-27 15:00:00',300000,0),(367,1,'2017-02-03 15:00:00',350000,0),(368,1,'2017-02-10 15:00:00',400000,0),(369,1,'2017-02-17 15:00:00',450000,0),(370,1,'2017-02-24 15:00:00',500000,0),(371,1,'2017-03-03 15:00:00',550000,0),(372,1,'2017-03-10 15:00:00',600000,0),(373,1,'2017-03-17 15:00:00',650000,0),(374,1,'2017-03-24 15:00:00',700000,0),(375,1,'2017-03-31 15:00:00',750000,0),(376,1,'2017-04-07 15:00:00',800000,0),(377,1,'2017-04-14 15:00:00',850000,0),(378,1,'2017-04-21 15:00:00',900000,0),(379,1,'2017-04-28 15:00:00',950000,0),(380,1,'2017-05-05 15:00:00',1000000,0),(381,1,'2017-05-12 15:00:00',1050000,0),(382,1,'2017-05-19 15:00:00',1100000,0),(383,1,'2017-05-26 15:00:00',1150000,0),(384,1,'2017-06-02 15:00:00',1200000,0),(385,1,'2017-06-09 15:00:00',1250000,0),(386,1,'2017-06-16 15:00:00',1300000,0),(387,1,'2017-06-23 15:00:00',1350000,0),(389,2,'2016-12-23 15:00:00',50000,0),(390,2,'2016-12-30 15:00:00',100000,0),(391,2,'2017-01-06 15:00:00',150000,0),(392,2,'2017-01-13 15:00:00',200000,0),(393,2,'2017-01-20 15:00:00',250000,0),(394,2,'2017-01-27 15:00:00',300000,0),(395,2,'2017-02-03 15:00:00',350000,0),(396,2,'2017-02-10 15:00:00',400000,0),(397,2,'2017-02-17 15:00:00',450000,0),(398,2,'2017-02-24 15:00:00',500000,0),(399,2,'2017-03-03 15:00:00',550000,0),(400,2,'2017-03-10 15:00:00',600000,0),(401,2,'2017-03-17 15:00:00',650000,0),(402,2,'2017-03-24 15:00:00',700000,0),(403,2,'2017-03-31 15:00:00',750000,0),(404,2,'2017-04-07 15:00:00',800000,0),(405,2,'2017-04-14 15:00:00',850000,0),(406,2,'2017-04-21 15:00:00',900000,0),(407,2,'2017-04-28 15:00:00',950000,0),(408,2,'2017-05-05 15:00:00',1000000,0),(409,2,'2017-05-12 15:00:00',1050000,0),(410,2,'2017-05-19 15:00:00',1100000,0),(411,2,'2017-05-26 15:00:00',1150000,0),(412,2,'2017-06-02 15:00:00',1200000,0),(413,2,'2017-06-09 15:00:00',1250000,0),(414,2,'2017-06-16 15:00:00',1300000,0),(415,2,'2017-06-23 15:00:00',1350000,0),(416,2,'2017-06-30 15:00:00',1400000,0),(417,3,'2016-12-23 15:00:00',50000,0),(418,3,'2016-12-30 15:00:00',100000,0),(419,3,'2017-01-06 15:00:00',150000,0),(420,3,'2017-01-13 15:00:00',200000,0),(421,3,'2017-01-20 15:00:00',250000,0),(422,3,'2017-01-27 15:00:00',300000,0),(423,3,'2017-02-03 15:00:00',350000,0),(424,3,'2017-02-10 15:00:00',400000,0),(425,3,'2017-02-17 15:00:00',450000,0),(426,3,'2017-02-24 15:00:00',500000,0),(427,3,'2017-03-03 15:00:00',550000,0),(428,3,'2017-03-10 15:00:00',600000,0),(429,3,'2017-03-17 15:00:00',650000,0),(430,3,'2017-03-24 15:00:00',700000,0),(431,3,'2017-03-31 15:00:00',750000,0),(432,3,'2017-04-07 15:00:00',800000,0),(433,3,'2017-04-14 15:00:00',850000,0),(434,3,'2017-04-21 15:00:00',900000,0),(435,3,'2017-04-28 15:00:00',950000,0),(436,3,'2017-05-05 15:00:00',1000000,0),(437,3,'2017-05-12 15:00:00',1050000,0),(438,3,'2017-05-19 15:00:00',1100000,0),(439,3,'2017-05-26 15:00:00',1150000,0),(440,3,'2017-06-02 15:00:00',1200000,0),(441,3,'2017-06-09 15:00:00',1250000,0),(442,3,'2017-06-16 15:00:00',1300000,0),(443,3,'2017-06-23 15:00:00',1350000,0),(444,3,'2017-06-30 15:00:00',1400000,0),(445,1,'2017-06-30 15:00:00',1400000,0),(446,1,'2017-07-07 15:00:00',1450000,0),(447,2,'2017-07-07 15:00:00',1450000,0),(448,3,'2017-07-07 15:00:00',1450000,0),(449,1,'2017-07-14 15:00:00',1500000,0),(450,2,'2017-07-14 15:00:00',1500000,0),(451,3,'2017-07-14 15:00:00',1500000,0),(452,1,'2017-07-21 15:00:00',1550000,0),(453,2,'2017-07-21 15:00:00',1550000,0),(454,3,'2017-07-21 15:00:00',1550000,0),(455,1,'2017-07-28 15:00:00',1600000,0),(456,2,'2017-07-28 15:00:00',1600000,0),(457,3,'2017-07-28 15:00:00',1600000,0),(458,1,'2017-08-04 15:00:00',1650000,0),(459,2,'2017-08-04 15:00:00',1650000,0),(460,3,'2017-08-04 15:00:00',1650000,0),(461,1,'2017-08-11 15:00:00',1700000,0),(462,2,'2017-08-11 15:00:00',1700000,0),(463,3,'2017-08-11 15:00:00',1700000,0),(464,1,'2017-08-18 15:00:00',1750000,0),(465,2,'2017-08-18 15:00:00',1750000,0),(466,3,'2017-08-18 15:00:00',1750000,0),(467,1,'2017-08-25 15:00:00',1800000,0),(468,2,'2017-08-25 15:00:00',1800000,0),(469,3,'2017-08-25 15:00:00',1800000,0),(470,1,'2017-09-01 15:00:00',1850000,0),(471,2,'2017-09-01 15:00:00',1850000,0),(472,3,'2017-09-01 15:00:00',1850000,0),(487,4,'2017-07-21 15:00:00',50000,0),(488,4,'2017-07-28 15:00:00',100000,0),(489,4,'2017-08-04 15:00:00',150000,0),(490,4,'2017-08-11 15:00:00',200000,0),(491,4,'2017-08-18 15:00:00',250000,0),(492,4,'2017-08-25 15:00:00',300000,0),(493,4,'2017-09-01 15:00:00',350000,0),(494,5,'2017-07-21 15:00:00',50000,0),(495,5,'2017-07-28 15:00:00',100000,0),(496,5,'2017-08-04 15:00:00',150000,0),(497,5,'2017-08-11 15:00:00',200000,0),(498,5,'2017-08-18 15:00:00',250000,0),(499,5,'2017-08-25 15:00:00',300000,0),(500,5,'2017-09-01 15:00:00',350000,0);
/*!40000 ALTER TABLE `trade_calendar` ENABLE KEYS */;
UNLOCK TABLES;

--
-- Table structure for table `user_fund_group`
--

DROP TABLE IF EXISTS `user_fund_group`;
/*!40101 SET @saved_cs_client     = @@character_set_client */;
/*!40101 SET character_set_client = utf8 */;
CREATE TABLE `user_fund_group` (
  `fund_group_id` int(11) NOT NULL AUTO_INCREMENT,
  `user_id` decimal(10,0) NOT NULL,
  `group_name` varchar(45) NOT NULL,
  `group_type` int(11) NOT NULL COMMENT '分组类型：1价值平均 2定期定额',
  `start_date` date NOT NULL COMMENT '组合开始时间',
  `increment` int(11) NOT NULL COMMENT '每期增加金额',
  `cron` varchar(45) NOT NULL COMMENT '定投时间表达式',
  `price_offset` int(11) NOT NULL DEFAULT '0' COMMENT '组合价格偏移（分）',
  `status` int(11) NOT NULL COMMENT '组合状态',
  PRIMARY KEY (`fund_group_id`),
  KEY `fk_user_fund_group_user_info1_idx` (`user_id`),
  KEY `idx_user_id` (`user_id`),
  CONSTRAINT `fk_user_fund_group_user_info1` FOREIGN KEY (`user_id`) REFERENCES `user_info` (`user_id`) ON DELETE NO ACTION ON UPDATE NO ACTION
) ENGINE=InnoDB AUTO_INCREMENT=6 DEFAULT CHARSET=utf8 COMMENT='用户基金组合';
/*!40101 SET character_set_client = @saved_cs_client */;

--
-- Dumping data for table `user_fund_group`
--

LOCK TABLES `user_fund_group` WRITE;
/*!40000 ALTER TABLE `user_fund_group` DISABLE KEYS */;
INSERT INTO `user_fund_group` VALUES (1,1,'沪深300组合',1,'2016-12-18',50000,'0 0 15 ? * 6 ',1050000,1),(2,1,'中证500组合',1,'2016-12-18',50000,'0 0 15 ? * 6 ',1050000,1),(3,1,'恒生中国企业组合',1,'2016-12-18',50000,'0 0 15 ? * 6 ',0,1),(4,1,'可转债组合',2,'2017-07-21',50000,'0 0 15 ? * 6 ',0,1),(5,1,'石油天然气组合',2,'2017-07-21',50000,'0 0 15 ? * 6 ',0,1);
/*!40000 ALTER TABLE `user_fund_group` ENABLE KEYS */;
UNLOCK TABLES;

--
-- Table structure for table `user_info`
--

DROP TABLE IF EXISTS `user_info`;
/*!40101 SET @saved_cs_client     = @@character_set_client */;
/*!40101 SET character_set_client = utf8 */;
CREATE TABLE `user_info` (
  `user_id` decimal(10,0) NOT NULL COMMENT '主键',
  `name` varchar(45) DEFAULT NULL COMMENT '名称',
  `outer_id` varchar(256) DEFAULT NULL COMMENT '外部ID',
  `type` varchar(45) DEFAULT NULL COMMENT '用户类型',
  `email` varchar(128) DEFAULT NULL COMMENT '邮箱',
  `phone` varchar(45) DEFAULT NULL COMMENT '电话',
  PRIMARY KEY (`user_id`)
) ENGINE=InnoDB DEFAULT CHARSET=utf8 COMMENT='用户信息';
/*!40101 SET character_set_client = @saved_cs_client */;

--
-- Dumping data for table `user_info`
--

LOCK TABLES `user_info` WRITE;
/*!40000 ALTER TABLE `user_info` DISABLE KEYS */;
INSERT INTO `user_info` VALUES (1,'hbyuan','1','1','y***@qq.com','17*mvn*******0');
/*!40000 ALTER TABLE `user_info` ENABLE KEYS */;
UNLOCK TABLES;
/*!40103 SET TIME_ZONE=@OLD_TIME_ZONE */;

/*!40101 SET SQL_MODE=@OLD_SQL_MODE */;
/*!40014 SET FOREIGN_KEY_CHECKS=@OLD_FOREIGN_KEY_CHECKS */;
/*!40014 SET UNIQUE_CHECKS=@OLD_UNIQUE_CHECKS */;
/*!40101 SET CHARACTER_SET_CLIENT=@OLD_CHARACTER_SET_CLIENT */;
/*!40101 SET CHARACTER_SET_RESULTS=@OLD_CHARACTER_SET_RESULTS */;
/*!40101 SET COLLATION_CONNECTION=@OLD_COLLATION_CONNECTION */;
/*!40111 SET SQL_NOTES=@OLD_SQL_NOTES */;

-- Dump completed on 2017-08-27 15:03:02
